POSTE;DATE;RR;QRR;DRR;QDRR;TN;QTN;HTN;QHTN;TX;QTX;HTX;QHTX;TM;QTM;TMNX;QTMNX;TNSOL;QTNSOL;TN50;QTN50;DG;QDG;TAMPLI;QTAMPLI;TNTXM;QTNTXM;PMERM;QPMERM;PMERMIN;QPMERMIN;FFM;QFFM;FXI;QFXI;DXI;QDXI;HXI;QHXI;FXY;QFXY;DXY;QDXY;HXY;QHXY;FF2M;QFF2M;FXI2;QFXI2;DXI2;QDXI2;HXI2;QHXI2;FXI3S;QFXI3S;DXI3S;QDXI3S;HXI3S;QHXI3S;UN;QUN;HUN;QHUN;UX;QUX;HUX;QHUX;DHUMI40;QDHUMI40;DHUMI80;QDHUMI80;TSVM;QTSVM;DHUMEC;QDHUMEC;UM;QUM;INST;QINST;GLOT;QGLOT;DIFT;QDIFT;DIRT;QDIRT;SIGMA;QSIGMA;INFRART;QINFRART;UV_INDICEX;QUV_INDICEX;NB300;QNB300;BA300;QBA300;NEIG;QNEIG;BROU;QBROU;ORAG;QORAG;GRESIL;QGRESIL;GRELE;QGRELE;ROSEE;QROSEE;VERGLAS;QVERGLAS;SOLNEIGE;QSOLNEIGE;GELEE;QGELEE;FUMEE;QFUMEE;BRUME;QBRUME;ECLAIR;QECLAIR;ETPMON;QETPMON;ETPGRILLE;QETPGRILLE;UV;QUV;TMERMAX;QTMERMAX;TMERMIN;QTMERMIN;HNEIGEF;QHNEIGEF;NEIGETOTX;QNEIGETOTX;NEIGETOT06;QNEIGETOT06
44109012;20220101;0,2;1;;;7,0;1;319;9;16,3;1;1402;9;11,3;1;11,65;1;;;;;0;9;9,3;1;11,7;1;;;;;;;;;;;;;;;;;;;;;;;;;;;;;;;;;;;;;;;;;;;;;;;;;;;;;;;;;;;;;;;;;;;;;;;;;;;;;;;;;;;;;;;;;;;;;;;0,5;9;;;;;;;;;;;;
44109012;20220102;0,0;1;;;11,2;1;2018;9;14,6;1;1213;9;13,4;1;12,90;1;;;;;0;9;3,4;1;12,9;1;;;;;;;;;;;;;;;;;;;;;;;;;;;;;;;;;;;;;;;;;;;;;;;;;;;;;;;;;;;;;;;;;;;;;;;;;;;;;;;;;;;;;;;;;;;;;;;0,9;9;;;;;;;;;;;;
44109012;20220103;30,9;1;;;11,9;1;1752;9;13,6;1;153;9;12,6;1;12,75;1;;;;;0;9;1,7;1;12,8;1;;;;;;;;;;;;;;;;;;;;;;;;;;;;;;;;;;;;;;;;;;;;;;;;;;;;;;;;;;;;;;;;;;;;;;;;;;;;;;;;;;;;;;;;;;;;;;;0,6;9;;;;;;;;;;;;
44109012;20220104;0,4;1;;;8,0;1;1800;9;11,8;1;1238;9;9,1;1;9,90;1;;;;;0;9;3,8;1;9,9;1;;;;;;;;;;;;;;;;;;;;;;;;;;;;;;;;;;;;;;;;;;;;;;;;;;;;;;;;;;;;;;;;;;;;;;;;;;;;;;;;;;;;;;;;;;;;;;;0,7;9;;;;;;;;;;;;
44109012;20220105;0,0;1;;;1,3;1;703;9;9,2;1;1445;9;5,1;1;5,25;1;;;;;0;9;7,9;1;5,3;1;;;;;;;;;;;;;;;;;;;;;;;;;;;;;;;;;;;;;;;;;;;;;;;;;;;;;;;;;;;;;;;;;;;;;;;;;;;;;;;;;;;;;;;;;;;;;;;0,4;9;;;;;;;;;;;;
44109012;20220106;2,0;1;;;0,3;1;659;9;9,5;1;1244;9;5,1;1;4,90;1;;;;;0;9;9,2;1;4,9;1;;;;;;;;;;;;;;;;;;;;;;;;;;;;;;;;;;;;;;;;;;;;;;;;;;;;;;;;;;;;;;;;;;;;;;;;;;;;;;;;;;;;;;;;;;;;;;;0,7;9;;;;;;;;;;;;
44109012;20220107;2,0;1;;;6,4;1;1801;9;11,5;1;1336;9;8,9;1;8,95;1;;;;;0;9;5,1;1;9,0;1;;;;;;;;;;;;;;;;;;;;;;;;;;;;;;;;;;;;;;;;;;;;;;;;;;;;;;;;;;;;;;;;;;;;;;;;;;;;;;;;;;;;;;;;;;;;;;;0,8;9;;;;;;;;;;;;
44109012;20220108;11,5;1;;;8,4;1;306;9;11,4;1;1041;9;9,6;1;9,90;1;;;;;0;9;3,0;1;9,9;1;;;;;;;;;;;;;;;;;;;;;;;;;;;;;;;;;;;;;;;;;;;;;;;;;;;;;;;;;;;;;;;;;;;;;;;;;;;;;;;;;;;;;;;;;;;;;;;1,1;9;;;;;;;;;;;;
44109012;20220109;6,2;1;;;6,2;1;539;9;10,3;1;1117;9;8,6;1;8,25;1;;;;;0;9;4,1;1;8,3;1;;;;;;;;;;;;;;;;;;;;;;;;;;;;;;;;;;;;;;;;;;;;;;;;;;;;;;;;;;;;;;;;;;;;;;;;;;;;;;;;;;;;;;;;;;;;;;;0,6;9;;;;;;;;;;;;
44109012;20220110;2,2;1;;;8,0;1;923;9;9,9;1;1444;9;9,0;1;8,95;1;;;;;0;9;1,9;1;9,0;1;;;;;;;;;;;;;;;;;;;;;;;;;;;;;;;;;;;;;;;;;;;;;;;;;;;;;;;;;;;;;;;;;;;;;;;;;;;;;;;;;;;;;;;;;;;;;;;0,4;9;;;;;;;;;;;;
44109012;20220111;0,0;1;;;6,2;1;935;9;10,7;1;1423;9;7,3;1;8,45;1;;;;;0;9;4,5;1;8,5;1;;;;;;;;;;;;;;;;;;;;;;;;;;;;;;;;;;;;;;;;;;;;;;;;;;;;;;;;;;;;;;;;;;;;;;;;;;;;;;;;;;;;;;;;;;;;;;;0,4;9;;;;;;;;;;;;
44109012;20220112;0,2;1;;;2,4;1;341;9;8,6;1;1425;9;5,0;1;5,50;1;;;;;0;9;6,2;1;5,5;1;;;;;;;;;;;;;;;;;;;;;;;;;;;;;;;;;;;;;;;;;;;;;;;;;;;;;;;;;;;;;;;;;;;;;;;;;;;;;;;;;;;;;;;;;;;;;;;0,5;9;;;;;;;;;;;;
44109012;20220113;0,0;1;;;3,7;1;802;9;8,8;1;1507;9;5,0;1;6,25;1;;;;;0;9;5,1;1;6,3;1;;;;;;;;;;;;;;;;;;;;;;;;;;;;;;;;;;;;;;;;;;;;;;;;;;;;;;;;;;;;;;;;;;;;;;;;;;;;;;;;;;;;;;;;;;;;;;;0,7;9;;;;;;;;;;;;
44109012;20220114;0,0;1;;;-0,3;1;927;9;1,5;1;1418;9;0,2;1;0,60;1;;;;;514;9;1,8;1;0,6;1;;;;;;;;;;;;;;;;;;;;;;;;;;;;;;;;;;;;;;;;;;;;;;;;;;;;;;;;;;;;;;;;;;;;;;;;;;;;;;;;;;;;;;;;;;;;;;;0,3;9;;;;;;;;;;;;
44109012;20220115;0,2;1;;;-1,6;1;41;9;1,2;1;1527;9;0,0;1;-0,20;1;;;;;616;9;2,8;1;-0,2;1;;;;;;;;;;;;;;;;;;;;;;;;;;;;;;;;;;;;;;;;;;;;;;;;;;;;;;;;;;;;;;;;;;;;;;;;;;;;;;;;;;;;;;;;;;;;;;;0,2;9;;;;;;;;;;;;
44109012;20220116;0,2;1;;;0,3;1;428;9;6,7;1;1541;9;3,7;1;3,50;1;;;;;0;9;6,4;1;3,5;1;;;;;;;;;;;;;;;;;;;;;;;;;;;;;;;;;;;;;;;;;;;;;;;;;;;;;;;;;;;;;;;;;;;;;;;;;;;;;;;;;;;;;;;;;;;;;;;0,2;9;;;;;;;;;;;;
44109012;20220117;0,0;1;;;3,6;1;9;9;5,9;1;24;9;5,2;1;4,75;1;;;;;0;9;2,3;1;4,8;1;;;;;;;;;;;;;;;;;;;;;;;;;;;;;;;;;;;;;;;;;;;;;;;;;;;;;;;;;;;;;;;;;;;;;;;;;;;;;;;;;;;;;;;;;;;;;;;0,3;9;;;;;;;;;;;;
44109012;20220118;0,0;1;;;3,3;1;442;9;5,7;1;1307;9;4,9;1;4,50;1;;;;;0;9;2,4;1;4,5;1;;;;;;;;;;;;;;;;;;;;;;;;;;;;;;;;;;;;;;;;;;;;;;;;;;;;;;;;;;;;;;;;;;;;;;;;;;;;;;;;;;;;;;;;;;;;;;;0,4;9;;;;;;;;;;;;
44109012;20220119;0,6;1;;;4,8;1;34;9;9,3;1;1337;9;6,1;1;7,05;1;;;;;0;9;4,5;1;7,1;1;;;;;;;;;;;;;;;;;;;;;;;;;;;;;;;;;;;;;;;;;;;;;;;;;;;;;;;;;;;;;;;;;;;;;;;;;;;;;;;;;;;;;;;;;;;;;;;0,6;9;;;;;;;;;;;;
44109012;20220120;0,2;1;;;3,8;1;809;9;9,9;1;1342;9;6,3;1;6,85;1;;;;;0;9;6,1;1;6,9;1;;;;;;;;;;;;;;;;;;;;;;;;;;;;;;;;;;;;;;;;;;;;;;;;;;;;;;;;;;;;;;;;;;;;;;;;;;;;;;;;;;;;;;;;;;;;;;;0,5;9;;;;;;;;;;;;
44109012;20220121;0,0;1;;;0,6;1;735;9;8,0;1;1336;9;3,6;1;4,30;1;;;;;0;9;7,4;1;4,3;1;;;;;;;;;;;;;;;;;;;;;;;;;;;;;;;;;;;;;;;;;;;;;;;;;;;;;;;;;;;;;;;;;;;;;;;;;;;;;;;;;;;;;;;;;;;;;;;0,5;9;;;;;;;;;;;;
44109012;20220122;0,2;1;;;-0,1;1;602;9;6,0;1;1323;9;3,5;1;2,95;1;;;;;75;9;6,1;1;3,0;1;;;;;;;;;;;;;;;;;;;;;;;;;;;;;;;;;;;;;;;;;;;;;;;;;;;;;;;;;;;;;;;;;;;;;;;;;;;;;;;;;;;;;;;;;;;;;;;0,5;9;;;;;;;;;;;;
44109012;20220123;0,0;1;;;3,2;1;959;9;4,3;1;1333;9;3,6;1;3,75;1;;;;;0;9;1,1;1;3,8;1;;;;;;;;;;;;;;;;;;;;;;;;;;;;;;;;;;;;;;;;;;;;;;;;;;;;;;;;;;;;;;;;;;;;;;;;;;;;;;;;;;;;;;;;;;;;;;;0,5;9;;;;;;;;;;;;
44109012;20220124;0,0;1;;;0,4;1;915;9;3,9;1;1606;9;1,8;1;2,15;1;;;;;195;9;3,5;1;2,2;1;;;;;;;;;;;;;;;;;;;;;;;;;;;;;;;;;;;;;;;;;;;;;;;;;;;;;;;;;;;;;;;;;;;;;;;;;;;;;;;;;;;;;;;;;;;;;;;0,3;9;;;;;;;;;;;;
44109012;20220125;0,0;1;;;-1,7;1;608;9;3,3;1;1650;9;1,0;1;0,80;1;;;;;670;9;5,0;1;0,8;1;;;;;;;;;;;;;;;;;;;;;;;;;;;;;;;;;;;;;;;;;;;;;;;;;;;;;;;;;;;;;;;;;;;;;;;;;;;;;;;;;;;;;;;;;;;;;;;0,3;9;;;;;;;;;;;;
44109012;20220126;0,0;1;;;-0,1;1;1031;9;1,7;1;601;9;1,0;1;0,80;1;;;;;47;9;1,8;1;0,8;1;;;;;;;;;;;;;;;;;;;;;;;;;;;;;;;;;;;;;;;;;;;;;;;;;;;;;;;;;;;;;;;;;;;;;;;;;;;;;;;;;;;;;;;;;;;;;;;0,4;9;;;;;;;;;;;;
44109012;20220127;0,8;1;;;0,3;1;1839;9;7,5;1;1523;9;3,9;1;3,90;1;;;;;0;9;7,2;1;3,9;1;;;;;;;;;;;;;;;;;;;;;;;;;;;;;;;;;;;;;;;;;;;;;;;;;;;;;;;;;;;;;;;;;;;;;;;;;;;;;;;;;;;;;;;;;;;;;;;0,5;9;;;;;;;;;;;;
44109012;20220128;0,2;1;;;3,9;1;1957;9;10,0;1;1441;9;7,5;1;6,95;1;;;;;0;9;6,1;1;7,0;1;;;;;;;;;;;;;;;;;;;;;;;;;;;;;;;;;;;;;;;;;;;;;;;;;;;;;;;;;;;;;;;;;;;;;;;;;;;;;;;;;;;;;;;;;;;;;;;0,4;9;;;;;;;;;;;;
44109012;20220129;0,0;1;;;7,8;1;741;9;9,4;1;1409;9;8,6;1;8,60;1;;;;;0;9;1,6;1;8,6;1;;;;;;;;;;;;;;;;;;;;;;;;;;;;;;;;;;;;;;;;;;;;;;;;;;;;;;;;;;;;;;;;;;;;;;;;;;;;;;;;;;;;;;;;;;;;;;;0,5;9;;;;;;;;;;;;
44109012;20220130;0,2;1;;;7,7;1;628;9;10,3;1;1255;9;8,7;1;9,00;1;;;;;0;9;2,6;1;9,0;1;;;;;;;;;;;;;;;;;;;;;;;;;;;;;;;;;;;;;;;;;;;;;;;;;;;;;;;;;;;;;;;;;;;;;;;;;;;;;;;;;;;;;;;;;;;;;;;0,5;9;;;;;;;;;;;;
44109012;20220131;0,0;1;;;7,7;1;2246;9;11,3;1;1404;9;8,7;1;9,50;1;;;;;0;9;3,6;1;9,5;1;;;;;;;;;;;;;;;;;;;;;;;;;;;;;;;;;;;;;;;;;;;;;;;;;;;;;;;;;;;;;;;;;;;;;;;;;;;;;;;;;;;;;;;;;;;;;;;1,0;9;;;;;;;;;;;;
44109012;20220201;0,0;1;;;5,9;1;305;9;12,1;1;1241;9;9,4;1;9,00;1;;;;;0;9;6,2;1;9,0;1;;;;;;;;;;;;;;;;;;;;;;;;;;;;;;;;;;;;;;;;;;;;;;;;;;;;;;;;;;;;;;;;;;;;;;;;;;;;;;;;;;;;;;;;;;;;;;;0,9;9;;;;;;;;;;;;
44109012;20220202;0,0;1;;;7,2;1;1800;9;11,9;1;1527;9;9,2;1;9,55;1;;;;;0;9;4,7;1;9,6;1;;;;;;;;;;;;;;;;;;;;;;;;;;;;;;;;;;;;;;;;;;;;;;;;;;;;;;;;;;;;;;;;;;;;;;;;;;;;;;;;;;;;;;;;;;;;;;;0,8;9;;;;;;;;;;;;
44109012;20220203;0,4;1;;;5,5;1;444;9;9,5;1;211;9;7,5;1;7,50;1;;;;;0;9;4,0;1;7,5;1;;;;;;;;;;;;;;;;;;;;;;;;;;;;;;;;;;;;;;;;;;;;;;;;;;;;;;;;;;;;;;;;;;;;;;;;;;;;;;;;;;;;;;;;;;;;;;;0,5;9;;;;;;;;;;;;
44109012;20220204;1,2;1;;;7,1;1;1756;9;13,4;1;1222;9;8,5;1;10,25;1;;;;;0;9;6,3;1;10,3;1;;;;;;;;;;;;;;;;;;;;;;;;;;;;;;;;;;;;;;;;;;;;;;;;;;;;;;;;;;;;;;;;;;;;;;;;;;;;;;;;;;;;;;;;;;;;;;;0,8;9;;;;;;;;;;;;
44109012;20220205;0,2;1;;;-0,2;1;743;9;12,4;1;1342;9;6,0;1;6,10;1;;;;;53;9;12,6;1;6,1;1;;;;;;;;;;;;;;;;;;;;;;;;;;;;;;;;;;;;;;;;;;;;;;;;;;;;;;;;;;;;;;;;;;;;;;;;;;;;;;;;;;;;;;;;;;;;;;;0,8;9;;;;;;;;;;;;
44109012;20220206;1,0;1;;;6,5;1;2217;9;12,7;1;1341;9;10,7;1;9,60;1;;;;;0;9;6,2;1;9,6;1;;;;;;;;;;;;;;;;;;;;;;;;;;;;;;;;;;;;;;;;;;;;;;;;;;;;;;;;;;;;;;;;;;;;;;;;;;;;;;;;;;;;;;;;;;;;;;;0,9;9;;;;;;;;;;;;
44109012;20220207;0,2;1;;;8,7;1;747;9;12,8;1;1336;9;10,2;1;10,75;1;;;;;0;9;4,1;1;10,8;1;;;;;;;;;;;;;;;;;;;;;;;;;;;;;;;;;;;;;;;;;;;;;;;;;;;;;;;;;;;;;;;;;;;;;;;;;;;;;;;;;;;;;;;;;;;;;;;0,8;9;;;;;;;;;;;;
44109012;20220208;0,0;1;;;6,7;1;805;9;10,9;1;1451;9;7,9;1;8,80;1;;;;;0;9;4,2;1;8,8;1;;;;;;;;;;;;;;;;;;;;;;;;;;;;;;;;;;;;;;;;;;;;;;;;;;;;;;;;;;;;;;;;;;;;;;;;;;;;;;;;;;;;;;;;;;;;;;;0,6;9;;;;;;;;;;;;
44109012;20220209;0,2;1;;;3,8;1;738;9;10,6;1;1302;9;6,5;1;7,20;1;;;;;0;9;6,8;1;7,2;1;;;;;;;;;;;;;;;;;;;;;;;;;;;;;;;;;;;;;;;;;;;;;;;;;;;;;;;;;;;;;;;;;;;;;;;;;;;;;;;;;;;;;;;;;;;;;;;0,7;9;;;;;;;;;;;;
44109012;20220210;0,0;1;;;6,7;1;2041;9;12,0;1;1623;9;8,2;1;9,35;1;;;;;0;9;5,3;1;9,4;1;;;;;;;;;;;;;;;;;;;;;;;;;;;;;;;;;;;;;;;;;;;;;;;;;;;;;;;;;;;;;;;;;;;;;;;;;;;;;;;;;;;;;;;;;;;;;;;0,8;9;;;;;;;;;;;;
44109012;20220211;0,2;1;;;-0,5;1;658;9;10,2;1;1401;9;5,1;1;4,85;1;;;;;90;9;10,7;1;4,9;1;;;;;;;;;;;;;;;;;;;;;;;;;;;;;;;;;;;;;;;;;;;;;;;;;;;;;;;;;;;;;;;;;;;;;;;;;;;;;;;;;;;;;;;;;;;;;;;0,8;9;;;;;;;;;;;;
44109012;20220212;0,0;1;;;-0,5;1;719;9;10,3;1;1349;9;4,2;1;4,90;1;;;;;70;9;10,8;1;4,9;1;;;;;;;;;;;;;;;;;;;;;;;;;;;;;;;;;;;;;;;;;;;;;;;;;;;;;;;;;;;;;;;;;;;;;;;;;;;;;;;;;;;;;;;;;;;;;;;0,8;9;;;;;;;;;;;;
44109012;20220213;6,2;1;;;0,5;1;200;9;12,3;1;1351;9;7,3;1;6,40;1;;;;;0;9;11,8;1;6,4;1;;;;;;;;;;;;;;;;;;;;;;;;;;;;;;;;;;;;;;;;;;;;;;;;;;;;;;;;;;;;;;;;;;;;;;;;;;;;;;;;;;;;;;;;;;;;;;;1,1;9;;;;;;;;;;;;
44109012;20220214;1,6;1;;;6,3;1;702;9;13,9;1;1340;9;8,9;1;10,10;1;;;;;0;9;7,6;1;10,1;1;;;;;;;;;;;;;;;;;;;;;;;;;;;;;;;;;;;;;;;;;;;;;;;;;;;;;;;;;;;;;;;;;;;;;;;;;;;;;;;;;;;;;;;;;;;;;;;1,3;9;;;;;;;;;;;;
44109012;20220215;12,7;1;;;5,4;1;300;9;12,4;1;540;9;9,2;1;8,90;1;;;;;0;9;7,0;1;8,9;1;;;;;;;;;;;;;;;;;;;;;;;;;;;;;;;;;;;;;;;;;;;;;;;;;;;;;;;;;;;;;;;;;;;;;;;;;;;;;;;;;;;;;;;;;;;;;;;0,9;9;;;;;;;;;;;;
44109012;20220216;6,4;1;;;9,7;1;1842;9;13,2;1;1038;9;12,6;1;11,45;1;;;;;0;9;3,5;1;11,5;1;;;;;;;;;;;;;;;;;;;;;;;;;;;;;;;;;;;;;;;;;;;;;;;;;;;;;;;;;;;;;;;;;;;;;;;;;;;;;;;;;;;;;;;;;;;;;;;0,6;9;;;;;;;;;;;;
44109012;20220217;1,0;1;;;11,9;1;726;9;15,5;1;1304;9;12,8;1;13,70;1;;;;;0;9;3,6;1;13,7;1;;;;;;;;;;;;;;;;;;;;;;;;;;;;;;;;;;;;;;;;;;;;;;;;;;;;;;;;;;;;;;;;;;;;;;;;;;;;;;;;;;;;;;;;;;;;;;;1,5;9;;;;;;;;;;;;
44109012;20220218;4,1;1;;;9,1;1;1758;9;12,4;1;803;9;10,2;1;10,75;1;;;;;0;9;3,3;1;10,8;1;;;;;;;;;;;;;;;;;;;;;;;;;;;;;;;;;;;;;;;;;;;;;;;;;;;;;;;;;;;;;;;;;;;;;;;;;;;;;;;;;;;;;;;;;;;;;;;1,6;9;;;;;;;;;;;;
44109012;20220219;0,6;1;;;2,5;1;652;9;12,3;1;1255;9;8,2;1;7,40;1;;;;;0;9;9,8;1;7,4;1;;;;;;;;;;;;;;;;;;;;;;;;;;;;;;;;;;;;;;;;;;;;;;;;;;;;;;;;;;;;;;;;;;;;;;;;;;;;;;;;;;;;;;;;;;;;;;;1,4;9;;;;;;;;;;;;
44109012;20220220;1,4;1;;;8,9;1;1850;9;14,1;1;1151;9;11,8;1;11,50;1;;;;;0;9;5,2;1;11,5;1;;;;;;;;;;;;;;;;;;;;;;;;;;;;;;;;;;;;;;;;;;;;;;;;;;;;;;;;;;;;;;;;;;;;;;;;;;;;;;;;;;;;;;;;;;;;;;;1,2;9;;;;;;;;;;;;
44109012;20220221;0,4;1;;;8,2;1;544;9;13,8;1;1504;9;10,3;1;11,00;1;;;;;0;9;5,6;1;11,0;1;;;;;;;;;;;;;;;;;;;;;;;;;;;;;;;;;;;;;;;;;;;;;;;;;;;;;;;;;;;;;;;;;;;;;;;;;;;;;;;;;;;;;;;;;;;;;;;2,0;9;;;;;;;;;;;;
44109012;20220222;0,8;1;;;7,6;1;153;9;12,7;1;1606;9;10,5;1;10,15;1;;;;;0;9;5,1;1;10,2;1;;;;;;;;;;;;;;;;;;;;;;;;;;;;;;;;;;;;;;;;;;;;;;;;;;;;;;;;;;;;;;;;;;;;;;;;;;;;;;;;;;;;;;;;;;;;;;;0,8;9;;;;;;;;;;;;
44109012;20220223;0,0;1;;;8,5;1;440;9;14,1;1;1218;9;10,5;1;11,30;1;;;;;0;9;5,6;1;11,3;1;;;;;;;;;;;;;;;;;;;;;;;;;;;;;;;;;;;;;;;;;;;;;;;;;;;;;;;;;;;;;;;;;;;;;;;;;;;;;;;;;;;;;;;;;;;;;;;1,0;9;;;;;;;;;;;;
44109012;20220224;0,6;1;;;7,8;1;251;9;12,6;1;1504;9;9,0;1;10,20;1;;;;;0;9;4,8;1;10,2;1;;;;;;;;;;;;;;;;;;;;;;;;;;;;;;;;;;;;;;;;;;;;;;;;;;;;;;;;;;;;;;;;;;;;;;;;;;;;;;;;;;;;;;;;;;;;;;;1,6;9;;;;;;;;;;;;
44109012;20220225;0,0;1;;;1,3;1;542;9;13,0;1;1445;9;6,6;1;7,15;1;;;;;0;9;11,7;1;7,2;1;;;;;;;;;;;;;;;;;;;;;;;;;;;;;;;;;;;;;;;;;;;;;;;;;;;;;;;;;;;;;;;;;;;;;;;;;;;;;;;;;;;;;;;;;;;;;;;1,1;9;;;;;;;;;;;;
44109012;20220226;0,2;1;;;1,7;1;540;9;12,8;1;1501;9;7,1;1;7,25;1;;;;;0;9;11,1;1;7,3;1;;;;;;;;;;;;;;;;;;;;;;;;;;;;;;;;;;;;;;;;;;;;;;;;;;;;;;;;;;;;;;;;;;;;;;;;;;;;;;;;;;;;;;;;;;;;;;;2,2;9;;;;;;;;;;;;
44109012;20220227;0,2;1;;;2,6;1;427;9;14,6;1;1426;9;8,2;1;8,60;1;;;;;0;9;12,0;1;8,6;1;;;;;;;;;;;;;;;;;;;;;;;;;;;;;;;;;;;;;;;;;;;;;;;;;;;;;;;;;;;;;;;;;;;;;;;;;;;;;;;;;;;;;;;;;;;;;;;1,4;9;;;;;;;;;;;;
44109012;20220228;0,0;1;;;5,5;1;559;9;17,4;1;1428;9;10,5;1;11,45;1;;;;;0;9;11,9;1;11,5;1;;;;;;;;;;;;;;;;;;;;;;;;;;;;;;;;;;;;;;;;;;;;;;;;;;;;;;;;;;;;;;;;;;;;;;;;;;;;;;;;;;;;;;;;;;;;;;;1,4;9;;;;;;;;;;;;
44109012;20220301;0,0;1;;;8,9;1;453;9;17,3;1;1235;9;12,3;1;13,10;1;;;;;0;9;8,4;1;13,1;1;;;;;;;;;;;;;;;;;;;;;;;;;;;;;;;;;;;;;;;;;;;;;;;;;;;;;;;;;;;;;;;;;;;;;;;;;;;;;;;;;;;;;;;;;;;;;;;1,4;9;;;;;;;;;;;;
44109012;20220302;0,2;1;;;9,6;1;558;9;15,2;1;1628;9;11,3;1;12,40;1;;;;;0;9;5,6;1;12,4;1;;;;;;;;;;;;;;;;;;;;;;;;;;;;;;;;;;;;;;;;;;;;;;;;;;;;;;;;;;;;;;;;;;;;;;;;;;;;;;;;;;;;;;;;;;;;;;;1,1;9;;;;;;;;;;;;
44109012;20220303;7,4;1;;;9,2;1;1800;9;11,8;1;1254;9;9,9;1;10,50;1;;;;;0;9;2,6;1;10,5;1;;;;;;;;;;;;;;;;;;;;;;;;;;;;;;;;;;;;;;;;;;;;;;;;;;;;;;;;;;;;;;;;;;;;;;;;;;;;;;;;;;;;;;;;;;;;;;;0,6;9;;;;;;;;;;;;
44109012;20220304;0,0;1;;;7,3;1;645;9;13,3;1;1419;9;9,0;1;10,30;1;;;;;0;9;6,0;1;10,3;1;;;;;;;;;;;;;;;;;;;;;;;;;;;;;;;;;;;;;;;;;;;;;;;;;;;;;;;;;;;;;;;;;;;;;;;;;;;;;;;;;;;;;;;;;;;;;;;1,6;9;;;;;;;;;;;;
44109012;20220305;0,6;1;;;2,9;1;536;9;11,7;1;1315;9;7,7;1;7,30;1;;;;;0;9;8,8;1;7,3;1;;;;;;;;;;;;;;;;;;;;;;;;;;;;;;;;;;;;;;;;;;;;;;;;;;;;;;;;;;;;;;;;;;;;;;;;;;;;;;;;;;;;;;;;;;;;;;;1,6;9;;;;;;;;;;;;
44109012;20220306;0,0;1;;;6,6;1;408;9;9,7;1;1548;9;7,1;1;8,15;1;;;;;0;9;3,1;1;8,2;1;;;;;;;;;;;;;;;;;;;;;;;;;;;;;;;;;;;;;;;;;;;;;;;;;;;;;;;;;;;;;;;;;;;;;;;;;;;;;;;;;;;;;;;;;;;;;;;1,3;9;;;;;;;;;;;;
44109012;20220307;0,0;1;;;0,5;1;700;9;9,6;1;1531;9;4,6;1;5,05;1;;;;;0;9;9,1;1;5,1;1;;;;;;;;;;;;;;;;;;;;;;;;;;;;;;;;;;;;;;;;;;;;;;;;;;;;;;;;;;;;;;;;;;;;;;;;;;;;;;;;;;;;;;;;;;;;;;;2,0;9;;;;;;;;;;;;
44109012;20220308;1,2;1;;;3,7;1;2217;9;10,9;1;1345;9;8,4;1;7,30;1;;;;;0;9;7,2;1;7,3;1;;;;;;;;;;;;;;;;;;;;;;;;;;;;;;;;;;;;;;;;;;;;;;;;;;;;;;;;;;;;;;;;;;;;;;;;;;;;;;;;;;;;;;;;;;;;;;;1,2;9;;;;;;;;;;;;
44109012;20220309;0,2;1;;;6,9;1;741;9;15,2;1;1449;9;10,9;1;11,05;1;;;;;0;9;8,3;1;11,1;1;;;;;;;;;;;;;;;;;;;;;;;;;;;;;;;;;;;;;;;;;;;;;;;;;;;;;;;;;;;;;;;;;;;;;;;;;;;;;;;;;;;;;;;;;;;;;;;1,9;9;;;;;;;;;;;;
44109012;20220310;3,2;1;;;10,2;1;407;9;13,7;1;1532;9;10,7;1;11,95;1;;;;;0;9;3,5;1;12,0;1;;;;;;;;;;;;;;;;;;;;;;;;;;;;;;;;;;;;;;;;;;;;;;;;;;;;;;;;;;;;;;;;;;;;;;;;;;;;;;;;;;;;;;;;;;;;;;;1,3;9;;;;;;;;;;;;
44109012;20220311;12,9;1;;;7,4;1;2356;9;13,9;1;1154;9;10,9;1;10,65;1;;;;;0;9;6,5;1;10,7;1;;;;;;;;;;;;;;;;;;;;;;;;;;;;;;;;;;;;;;;;;;;;;;;;;;;;;;;;;;;;;;;;;;;;;;;;;;;;;;;;;;;;;;;;;;;;;;;1,6;9;;;;;;;;;;;;
44109012;20220312;9,9;1;;;6,8;1;648;9;15,0;1;1252;9;10,6;1;10,90;1;;;;;0;9;8,2;1;10,9;1;;;;;;;;;;;;;;;;;;;;;;;;;;;;;;;;;;;;;;;;;;;;;;;;;;;;;;;;;;;;;;;;;;;;;;;;;;;;;;;;;;;;;;;;;;;;;;;2,3;9;;;;;;;;;;;;
44109012;20220313;6,0;1;;;8,0;1;824;9;13,2;1;1421;9;9,6;1;10,60;1;;;;;0;9;5,2;1;10,6;1;;;;;;;;;;;;;;;;;;;;;;;;;;;;;;;;;;;;;;;;;;;;;;;;;;;;;;;;;;;;;;;;;;;;;;;;;;;;;;;;;;;;;;;;;;;;;;;1,7;9;;;;;;;;;;;;
44109012;20220314;1,0;1;;;4,9;1;632;9;16,9;1;1500;9;11,0;1;10,90;1;;;;;0;9;12,0;1;10,9;1;;;;;;;;;;;;;;;;;;;;;;;;;;;;;;;;;;;;;;;;;;;;;;;;;;;;;;;;;;;;;;;;;;;;;;;;;;;;;;;;;;;;;;;;;;;;;;;2,7;9;;;;;;;;;;;;
44109012;20220315;0,0;1;;;10,1;1;313;9;16,2;1;1434;9;12,7;1;13,15;1;;;;;0;9;6,1;1;13,2;1;;;;;;;;;;;;;;;;;;;;;;;;;;;;;;;;;;;;;;;;;;;;;;;;;;;;;;;;;;;;;;;;;;;;;;;;;;;;;;;;;;;;;;;;;;;;;;;1,4;9;;;;;;;;;;;;
44109012;20220316;0,4;1;;;10,9;1;1750;9;14,9;1;1309;9;12,1;1;12,90;1;;;;;0;9;4,0;1;12,9;1;;;;;;;;;;;;;;;;;;;;;;;;;;;;;;;;;;;;;;;;;;;;;;;;;;;;;;;;;;;;;;;;;;;;;;;;;;;;;;;;;;;;;;;;;;;;;;;1,0;9;;;;;;;;;;;;
44109012;20220317;0,0;1;;;6,4;1;612;9;12,1;1;1656;9;8,3;1;9,25;1;;;;;0;9;5,7;1;9,3;1;;;;;;;;;;;;;;;;;;;;;;;;;;;;;;;;;;;;;;;;;;;;;;;;;;;;;;;;;;;;;;;;;;;;;;;;;;;;;;;;;;;;;;;;;;;;;;;1,5;9;;;;;;;;;;;;
44109012;20220318;0,0;1;;;3,8;1;439;9;15,5;1;1522;9;9,6;1;9,65;1;;;;;0;9;11,7;1;9,7;1;;;;;;;;;;;;;;;;;;;;;;;;;;;;;;;;;;;;;;;;;;;;;;;;;;;;;;;;;;;;;;;;;;;;;;;;;;;;;;;;;;;;;;;;;;;;;;;3,4;9;;;;;;;;;;;;
44109012;20220319;0,0;1;;;6,6;1;641;9;15,8;1;1344;9;11,1;1;11,20;1;;;;;0;9;9,2;1;11,2;1;;;;;;;;;;;;;;;;;;;;;;;;;;;;;;;;;;;;;;;;;;;;;;;;;;;;;;;;;;;;;;;;;;;;;;;;;;;;;;;;;;;;;;;;;;;;;;;2,9;9;;;;;;;;;;;;
44109012;20220320;0,0;1;;;8,8;1;638;9;16,2;1;1603;9;11,8;1;12,50;1;;;;;0;9;7,4;1;12,5;1;;;;;;;;;;;;;;;;;;;;;;;;;;;;;;;;;;;;;;;;;;;;;;;;;;;;;;;;;;;;;;;;;;;;;;;;;;;;;;;;;;;;;;;;;;;;;;;2,0;9;;;;;;;;;;;;
44109012;20220321;0,0;1;;;7,7;1;617;9;19,1;1;1443;9;13,5;1;13,40;1;;;;;0;9;11,4;1;13,4;1;;;;;;;;;;;;;;;;;;;;;;;;;;;;;;;;;;;;;;;;;;;;;;;;;;;;;;;;;;;;;;;;;;;;;;;;;;;;;;;;;;;;;;;;;;;;;;;2,6;9;;;;;;;;;;;;
44109012;20220322;0,0;1;;;7,8;1;643;9;17,2;1;1536;9;12,2;1;12,50;1;;;;;0;9;9,4;1;12,5;1;;;;;;;;;;;;;;;;;;;;;;;;;;;;;;;;;;;;;;;;;;;;;;;;;;;;;;;;;;;;;;;;;;;;;;;;;;;;;;;;;;;;;;;;;;;;;;;3,1;9;;;;;;;;;;;;
44109012;20220323;0,0;1;;;5,1;1;547;9;16,8;1;1537;9;10,7;1;10,95;1;;;;;0;9;11,7;1;11,0;1;;;;;;;;;;;;;;;;;;;;;;;;;;;;;;;;;;;;;;;;;;;;;;;;;;;;;;;;;;;;;;;;;;;;;;;;;;;;;;;;;;;;;;;;;;;;;;;2,8;9;;;;;;;;;;;;
44109012;20220324;0,0;1;;;4,4;1;144;9;19,8;1;1441;9;12,2;1;12,10;1;;;;;0;9;15,4;1;12,1;1;;;;;;;;;;;;;;;;;;;;;;;;;;;;;;;;;;;;;;;;;;;;;;;;;;;;;;;;;;;;;;;;;;;;;;;;;;;;;;;;;;;;;;;;;;;;;;;2,9;9;;;;;;;;;;;;
44109012;20220325;0,0;1;;;7,3;1;558;9;20,9;1;1613;9;14,0;1;14,10;1;;;;;0;9;13,6;1;14,1;1;;;;;;;;;;;;;;;;;;;;;;;;;;;;;;;;;;;;;;;;;;;;;;;;;;;;;;;;;;;;;;;;;;;;;;;;;;;;;;;;;;;;;;;;;;;;;;;4,1;9;;;;;;;;;;;;
44109012;20220326;0,0;1;;;7,7;1;605;9;21,2;1;1523;9;14,2;1;14,45;1;;;;;0;9;13,5;1;14,5;1;;;;;;;;;;;;;;;;;;;;;;;;;;;;;;;;;;;;;;;;;;;;;;;;;;;;;;;;;;;;;;;;;;;;;;;;;;;;;;;;;;;;;;;;;;;;;;;4,6;9;;;;;;;;;;;;
44109012;20220327;0,0;1;;;7,7;1;608;9;21,5;1;1504;9;14,6;1;14,60;1;;;;;0;9;13,8;1;14,6;1;;;;;;;;;;;;;;;;;;;;;;;;;;;;;;;;;;;;;;;;;;;;;;;;;;;;;;;;;;;;;;;;;;;;;;;;;;;;;;;;;;;;;;;;;;;;;;;3,2;9;;;;;;;;;;;;
44109012;20220328;1,2;1;;;8,4;1;420;9;21,9;1;1341;9;15,1;1;15,15;1;;;;;0;9;13,5;1;15,2;1;;;;;;;;;;;;;;;;;;;;;;;;;;;;;;;;;;;;;;;;;;;;;;;;;;;;;;;;;;;;;;;;;;;;;;;;;;;;;;;;;;;;;;;;;;;;;;;2,9;9;;;;;;;;;;;;
44109012;20220329;0,0;1;;;10,3;1;239;9;16,3;1;1421;9;12,7;1;13,30;1;;;;;0;9;6,0;1;13,3;1;;;;;;;;;;;;;;;;;;;;;;;;;;;;;;;;;;;;;;;;;;;;;;;;;;;;;;;;;;;;;;;;;;;;;;;;;;;;;;;;;;;;;;;;;;;;;;;2,2;9;;;;;;;;;;;;
44109012;20220330;1,0;1;;;10,3;1;534;9;12,8;1;1536;9;10,9;1;11,55;1;;;;;0;9;2,5;1;11,6;1;;;;;;;;;;;;;;;;;;;;;;;;;;;;;;;;;;;;;;;;;;;;;;;;;;;;;;;;;;;;;;;;;;;;;;;;;;;;;;;;;;;;;;;;;;;;;;;1,2;9;;;;;;;;;;;;
44109012;20220331;6,8;1;;;3,8;1;1753;9;10,0;1;819;9;5,5;1;6,90;1;;;;;0;9;6,2;1;6,9;1;;;;;;;;;;;;;;;;;;;;;;;;;;;;;;;;;;;;;;;;;;;;;;;;;;;;;;;;;;;;;;;;;;;;;;;;;;;;;;;;;;;;;;;;;;;;;;;1,2;9;;;;;;;;;;;;
44109012;20220401;1,2;1;;;1,3;1;516;9;9,5;1;1353;9;4,6;1;5,40;1;;;;;0;9;8,2;1;5,4;1;;;;;;;;;;;;;;;;;;;;;;;;;;;;;;;;;;;;;;;;;;;;;;;;;;;;;;;;;;;;;;;;;;;;;;;;;;;;;;;;;;;;;;;;;;;;;;;2,3;9;;;;;;;;;;;;
44109012;20220402;0,0;1;;;1,1;1;600;9;11,0;1;1532;9;5,5;1;6,05;1;;;;;0;9;9,9;1;6,1;1;;;;;;;;;;;;;;;;;;;;;;;;;;;;;;;;;;;;;;;;;;;;;;;;;;;;;;;;;;;;;;;;;;;;;;;;;;;;;;;;;;;;;;;;;;;;;;;2,3;9;;;;;;;;;;;;
44109012;20220403;0,0;1;;;-0,5;1;555;9;10,0;1;1408;9;5,3;1;4,75;1;;;;;116;9;10,5;1;4,8;1;;;;;;;;;;;;;;;;;;;;;;;;;;;;;;;;;;;;;;;;;;;;;;;;;;;;;;;;;;;;;;;;;;;;;;;;;;;;;;;;;;;;;;;;;;;;;;;2,4;9;;;;;;;;;;;;
44109012;20220404;0,8;1;;;-1,1;1;537;9;12,1;1;1344;9;7,0;1;5,50;1;;;;;126;9;13,2;1;5,5;1;;;;;;;;;;;;;;;;;;;;;;;;;;;;;;;;;;;;;;;;;;;;;;;;;;;;;;;;;;;;;;;;;;;;;;;;;;;;;;;;;;;;;;;;;;;;;;;2,4;9;;;;;;;;;;;;
44109012;20220405;0,4;1;;;8,5;1;2026;9;14,6;1;1449;9;11,4;1;11,55;1;;;;;0;9;6,1;1;11,6;1;;;;;;;;;;;;;;;;;;;;;;;;;;;;;;;;;;;;;;;;;;;;;;;;;;;;;;;;;;;;;;;;;;;;;;;;;;;;;;;;;;;;;;;;;;;;;;;1,2;9;;;;;;;;;;;;
44109012;20220406;13,3;1;;;8,5;1;144;9;14,2;1;1357;9;11,3;1;11,35;1;;;;;0;9;5,7;1;11,4;1;;;;;;;;;;;;;;;;;;;;;;;;;;;;;;;;;;;;;;;;;;;;;;;;;;;;;;;;;;;;;;;;;;;;;;;;;;;;;;;;;;;;;;;;;;;;;;;1,7;9;;;;;;;;;;;;
44109012;20220407;14,9;1;;;11,3;1;1939;9;14,8;1;1235;9;12,6;1;13,05;1;;;;;0;9;3,5;1;13,1;1;;;;;;;;;;;;;;;;;;;;;;;;;;;;;;;;;;;;;;;;;;;;;;;;;;;;;;;;;;;;;;;;;;;;;;;;;;;;;;;;;;;;;;;;;;;;;;;1,8;9;;;;;;;;;;;;
44109012;20220408;7,0;1;;;8,5;1;1737;9;14,7;1;918;9;10,5;1;11,60;1;;;;;0;9;6,2;1;11,6;1;;;;;;;;;;;;;;;;;;;;;;;;;;;;;;;;;;;;;;;;;;;;;;;;;;;;;;;;;;;;;;;;;;;;;;;;;;;;;;;;;;;;;;;;;;;;;;;1,4;9;;;;;;;;;;;;
44109012;20220409;0,0;1;;;3,7;1;546;9;13,9;1;1443;9;8,5;1;8,80;1;;;;;0;9;10,2;1;8,8;1;;;;;;;;;;;;;;;;;;;;;;;;;;;;;;;;;;;;;;;;;;;;;;;;;;;;;;;;;;;;;;;;;;;;;;;;;;;;;;;;;;;;;;;;;;;;;;;2,5;9;;;;;;;;;;;;
44109012;20220410;0,2;1;;;1,8;1;529;9;16,3;1;1641;9;10,2;1;9,05;1;;;;;0;9;14,5;1;9,1;1;;;;;;;;;;;;;;;;;;;;;;;;;;;;;;;;;;;;;;;;;;;;;;;;;;;;;;;;;;;;;;;;;;;;;;;;;;;;;;;;;;;;;;;;;;;;;;;3,3;9;;;;;;;;;;;;
44109012;20220411;1,4;1;;;7,7;1;306;9;22,6;1;1438;9;15,6;1;15,15;1;;;;;0;9;14,9;1;15,2;1;;;;;;;;;;;;;;;;;;;;;;;;;;;;;;;;;;;;;;;;;;;;;;;;;;;;;;;;;;;;;;;;;;;;;;;;;;;;;;;;;;;;;;;;;;;;;;;4,1;9;;;;;;;;;;;;
44109012;20220412;2,0;1;;;11,4;1;445;9;18,0;1;1631;9;13,2;1;14,70;1;;;;;0;9;6,6;1;14,7;1;;;;;;;;;;;;;;;;;;;;;;;;;;;;;;;;;;;;;;;;;;;;;;;;;;;;;;;;;;;;;;;;;;;;;;;;;;;;;;;;;;;;;;;;;;;;;;;1,9;9;;;;;;;;;;;;
44109012;20220413;0,0;1;;;7,0;1;542;9;21,1;1;1546;9;14,5;1;14,05;1;;;;;0;9;14,1;1;14,1;1;;;;;;;;;;;;;;;;;;;;;;;;;;;;;;;;;;;;;;;;;;;;;;;;;;;;;;;;;;;;;;;;;;;;;;;;;;;;;;;;;;;;;;;;;;;;;;;3,1;9;;;;;;;;;;;;
44109012;20220414;0,2;1;;;8,7;1;456;9;23,2;1;1435;9;16,3;1;15,95;1;;;;;0;9;14,5;1;16,0;1;;;;;;;;;;;;;;;;;;;;;;;;;;;;;;;;;;;;;;;;;;;;;;;;;;;;;;;;;;;;;;;;;;;;;;;;;;;;;;;;;;;;;;;;;;;;;;;3,3;9;;;;;;;;;;;;
44109012;20220415;0,0;1;;;9,1;1;517;9;24,4;1;1505;9;17,4;1;16,75;1;;;;;0;9;15,3;1;16,8;1;;;;;;;;;;;;;;;;;;;;;;;;;;;;;;;;;;;;;;;;;;;;;;;;;;;;;;;;;;;;;;;;;;;;;;;;;;;;;;;;;;;;;;;;;;;;;;;3,7;9;;;;;;;;;;;;
44109012;20220416;0,0;1;;;11,0;1;528;9;22,3;1;1338;9;17,2;1;16,65;1;;;;;0;9;11,3;1;16,7;1;;;;;;;;;;;;;;;;;;;;;;;;;;;;;;;;;;;;;;;;;;;;;;;;;;;;;;;;;;;;;;;;;;;;;;;;;;;;;;;;;;;;;;;;;;;;;;;4,1;9;;;;;;;;;;;;
44109012;20220417;0,0;1;;;8,9;1;454;9;22,4;1;1528;9;15,3;1;15,65;1;;;;;0;9;13,5;1;15,7;1;;;;;;;;;;;;;;;;;;;;;;;;;;;;;;;;;;;;;;;;;;;;;;;;;;;;;;;;;;;;;;;;;;;;;;;;;;;;;;;;;;;;;;;;;;;;;;;3,7;9;;;;;;;;;;;;
44109012;20220418;0,0;1;;;10,4;1;509;9;18,2;1;1450;9;13,1;1;14,30;1;;;;;0;9;7,8;1;14,3;1;;;;;;;;;;;;;;;;;;;;;;;;;;;;;;;;;;;;;;;;;;;;;;;;;;;;;;;;;;;;;;;;;;;;;;;;;;;;;;;;;;;;;;;;;;;;;;;2,8;9;;;;;;;;;;;;
44109012;20220419;0,0;1;;;6,9;1;506;9;16,7;1;1428;9;11,8;1;11,80;1;;;;;0;9;9,8;1;11,8;1;;;;;;;;;;;;;;;;;;;;;;;;;;;;;;;;;;;;;;;;;;;;;;;;;;;;;;;;;;;;;;;;;;;;;;;;;;;;;;;;;;;;;;;;;;;;;;;3,3;9;;;;;;;;;;;;
44109012;20220420;0,0;1;;;8,1;1;427;9;20,2;1;1443;9;14,5;1;14,15;1;;;;;0;9;12,1;1;14,2;1;;;;;;;;;;;;;;;;;;;;;;;;;;;;;;;;;;;;;;;;;;;;;;;;;;;;;;;;;;;;;;;;;;;;;;;;;;;;;;;;;;;;;;;;;;;;;;;3,7;9;;;;;;;;;;;;
44109012;20220421;0,0;1;;;11,5;1;549;9;21,7;1;1603;9;16,4;1;16,60;1;;;;;0;9;10,2;1;16,6;1;;;;;;;;;;;;;;;;;;;;;;;;;;;;;;;;;;;;;;;;;;;;;;;;;;;;;;;;;;;;;;;;;;;;;;;;;;;;;;;;;;;;;;;;;;;;;;;4,1;9;;;;;;;;;;;;
44109012;20220422;0,0;1;;;9,4;1;508;9;21,6;1;1439;9;15,9;1;15,50;1;;;;;0;9;12,2;1;15,5;1;;;;;;;;;;;;;;;;;;;;;;;;;;;;;;;;;;;;;;;;;;;;;;;;;;;;;;;;;;;;;;;;;;;;;;;;;;;;;;;;;;;;;;;;;;;;;;;4,1;9;;;;;;;;;;;;
44109012;20220423;3,6;1;;;12,1;1;547;9;19,1;1;1446;9;14,7;1;15,60;1;;;;;0;9;7,0;1;15,6;1;;;;;;;;;;;;;;;;;;;;;;;;;;;;;;;;;;;;;;;;;;;;;;;;;;;;;;;;;;;;;;;;;;;;;;;;;;;;;;;;;;;;;;;;;;;;;;;2,6;9;;;;;;;;;;;;
44109012;20220424;46,4;1;;;11,7;1;617;9;18,1;1;1205;9;13,3;1;14,90;1;;;;;0;9;6,4;1;14,9;1;;;;;;;;;;;;;;;;;;;;;;;;;;;;;;;;;;;;;;;;;;;;;;;;;;;;;;;;;;;;;;;;;;;;;;;;;;;;;;;;;;;;;;;;;;;;;;;2,2;9;;;;;;;;;;;;
44109012;20220425;0,0;1;;;11,6;1;506;9;19,1;1;1553;9;14,0;1;15,35;1;;;;;0;9;7,5;1;15,4;1;;;;;;;;;;;;;;;;;;;;;;;;;;;;;;;;;;;;;;;;;;;;;;;;;;;;;;;;;;;;;;;;;;;;;;;;;;;;;;;;;;;;;;;;;;;;;;;2,8;9;;;;;;;;;;;;
44109012;20220426;0,0;1;;;7,1;1;510;9;18,7;1;1530;9;13,1;1;12,90;1;;;;;0;9;11,6;1;12,9;1;;;;;;;;;;;;;;;;;;;;;;;;;;;;;;;;;;;;;;;;;;;;;;;;;;;;;;;;;;;;;;;;;;;;;;;;;;;;;;;;;;;;;;;;;;;;;;;4,3;9;;;;;;;;;;;;
44109012;20220427;0,0;1;;;8,4;1;528;9;19,5;1;1521;9;14,5;1;13,95;1;;;;;0;9;11,1;1;14,0;1;;;;;;;;;;;;;;;;;;;;;;;;;;;;;;;;;;;;;;;;;;;;;;;;;;;;;;;;;;;;;;;;;;;;;;;;;;;;;;;;;;;;;;;;;;;;;;;4,4;9;;;;;;;;;;;;
44109012;20220428;0,0;1;;;11,8;1;552;9;20,3;1;1650;9;15,9;1;16,05;1;;;;;0;9;8,5;1;16,1;1;;;;;;;;;;;;;;;;;;;;;;;;;;;;;;;;;;;;;;;;;;;;;;;;;;;;;;;;;;;;;;;;;;;;;;;;;;;;;;;;;;;;;;;;;;;;;;;3,8;9;;;;;;;;;;;;
44109012;20220429;0,0;1;;;10,8;1;500;9;22,5;1;1456;9;16,4;1;16,65;1;;;;;0;9;11,7;1;16,7;1;;;;;;;;;;;;;;;;;;;;;;;;;;;;;;;;;;;;;;;;;;;;;;;;;;;;;;;;;;;;;;;;;;;;;;;;;;;;;;;;;;;;;;;;;;;;;;;4,2;9;;;;;;;;;;;;
44109012;20220430;0,0;1;;;7,3;1;515;9;18,1;1;1406;9;13,2;1;12,70;1;;;;;0;9;10,8;1;12,7;1;;;;;;;;;;;;;;;;;;;;;;;;;;;;;;;;;;;;;;;;;;;;;;;;;;;;;;;;;;;;;;;;;;;;;;;;;;;;;;;;;;;;;;;;;;;;;;;3,6;9;;;;;;;;;;;;
44109012;20220501;0,0;1;;;10,4;1;509;9;20,4;1;1442;9;15,3;1;15,40;1;;;;;0;9;10,0;1;15,4;1;;;;;;;;;;;;;;;;;;;;;;;;;;;;;;;;;;;;;;;;;;;;;;;;;;;;;;;;;;;;;;;;;;;;;;;;;;;;;;;;;;;;;;;;;;;;;;;4,4;9;;;;;;;;;;;;
44109012;20220502;0,0;1;;;11,8;1;554;9;19,7;1;1535;9;15,3;1;15,75;1;;;;;0;9;7,9;1;15,8;1;;;;;;;;;;;;;;;;;;;;;;;;;;;;;;;;;;;;;;;;;;;;;;;;;;;;;;;;;;;;;;;;;;;;;;;;;;;;;;;;;;;;;;;;;;;;;;;3,6;9;;;;;;;;;;;;
44109012;20220503;0,0;1;;;9,1;1;459;9;20,0;1;1227;9;15,0;1;14,55;1;;;;;0;9;10,9;1;14,6;1;;;;;;;;;;;;;;;;;;;;;;;;;;;;;;;;;;;;;;;;;;;;;;;;;;;;;;;;;;;;;;;;;;;;;;;;;;;;;;;;;;;;;;;;;;;;;;;3,8;9;;;;;;;;;;;;
44109012;20220504;0,0;1;;;10,5;1;239;9;19,8;1;1220;9;14,8;1;15,15;1;;;;;0;9;9,3;1;15,2;1;;;;;;;;;;;;;;;;;;;;;;;;;;;;;;;;;;;;;;;;;;;;;;;;;;;;;;;;;;;;;;;;;;;;;;;;;;;;;;;;;;;;;;;;;;;;;;;3,2;9;;;;;;;;;;;;
44109012;20220505;0,0;1;;;8,2;1;408;9;20,8;1;1611;9;14,8;1;14,50;1;;;;;0;9;12,6;1;14,5;1;;;;;;;;;;;;;;;;;;;;;;;;;;;;;;;;;;;;;;;;;;;;;;;;;;;;;;;;;;;;;;;;;;;;;;;;;;;;;;;;;;;;;;;;;;;;;;;3,5;9;;;;;;;;;;;;
44109012;20220506;0,0;1;;;9,5;1;454;9;22,3;1;1622;9;16,2;1;15,90;1;;;;;0;9;12,8;1;15,9;1;;;;;;;;;;;;;;;;;;;;;;;;;;;;;;;;;;;;;;;;;;;;;;;;;;;;;;;;;;;;;;;;;;;;;;;;;;;;;;;;;;;;;;;;;;;;;;;4,1;9;;;;;;;;;;;;
44109012;20220507;0,0;1;;;10,6;1;328;9;21,7;1;1637;9;15,6;1;16,15;1;;;;;0;9;11,1;1;16,2;1;;;;;;;;;;;;;;;;;;;;;;;;;;;;;;;;;;;;;;;;;;;;;;;;;;;;;;;;;;;;;;;;;;;;;;;;;;;;;;;;;;;;;;;;;;;;;;;4,0;9;;;;;;;;;;;;
44109012;20220508;0,0;1;;;10,7;1;431;9;24,6;1;1517;9;17,9;1;17,65;1;;;;;0;9;13,9;1;17,7;1;;;;;;;;;;;;;;;;;;;;;;;;;;;;;;;;;;;;;;;;;;;;;;;;;;;;;;;;;;;;;;;;;;;;;;;;;;;;;;;;;;;;;;;;;;;;;;;4,5;9;;;;;;;;;;;;
44109012;20220509;0,0;1;;;12,5;1;500;9;26,6;1;1325;9;19,9;1;19,55;1;;;;;0;9;14,1;1;19,6;1;;;;;;;;;;;;;;;;;;;;;;;;;;;;;;;;;;;;;;;;;;;;;;;;;;;;;;;;;;;;;;;;;;;;;;;;;;;;;;;;;;;;;;;;;;;;;;;4,7;9;;;;;;;;;;;;
44109012;20220510;0,0;1;;;13,5;1;443;9;26,9;1;1309;9;20,2;1;20,20;1;;;;;0;9;13,4;1;20,2;1;;;;;;;;;;;;;;;;;;;;;;;;;;;;;;;;;;;;;;;;;;;;;;;;;;;;;;;;;;;;;;;;;;;;;;;;;;;;;;;;;;;;;;;;;;;;;;;5,2;9;;;;;;;;;;;;
44109012;20220511;0,0;1;;;13,0;1;516;9;20,7;1;1354;9;16,6;1;16,85;1;;;;;0;9;7,7;1;16,9;1;;;;;;;;;;;;;;;;;;;;;;;;;;;;;;;;;;;;;;;;;;;;;;;;;;;;;;;;;;;;;;;;;;;;;;;;;;;;;;;;;;;;;;;;;;;;;;;3,0;9;;;;;;;;;;;;
44109012;20220512;0,0;1;;;12,5;1;454;9;21,0;1;1509;9;16,2;1;16,75;1;;;;;0;9;8,5;1;16,8;1;;;;;;;;;;;;;;;;;;;;;;;;;;;;;;;;;;;;;;;;;;;;;;;;;;;;;;;;;;;;;;;;;;;;;;;;;;;;;;;;;;;;;;;;;;;;;;;3,6;9;;;;;;;;;;;;
44109012;20220513;0,0;1;;;10,3;1;415;9;23,6;1;1543;9;17,2;1;16,95;1;;;;;0;9;13,3;1;17,0;1;;;;;;;;;;;;;;;;;;;;;;;;;;;;;;;;;;;;;;;;;;;;;;;;;;;;;;;;;;;;;;;;;;;;;;;;;;;;;;;;;;;;;;;;;;;;;;;4,5;9;;;;;;;;;;;;
44109012;20220514;0,0;1;;;12,6;1;238;9;27,9;1;1552;9;20,9;1;20,25;1;;;;;0;9;15,3;1;20,3;1;;;;;;;;;;;;;;;;;;;;;;;;;;;;;;;;;;;;;;;;;;;;;;;;;;;;;;;;;;;;;;;;;;;;;;;;;;;;;;;;;;;;;;;;;;;;;;;5,2;9;;;;;;;;;;;;
44109012;20220515;0,0;1;;;18,5;1;350;9;29,2;1;1132;9;22,1;1;23,85;1;;;;;0;9;10,7;1;23,9;1;;;;;;;;;;;;;;;;;;;;;;;;;;;;;;;;;;;;;;;;;;;;;;;;;;;;;;;;;;;;;;;;;;;;;;;;;;;;;;;;;;;;;;;;;;;;;;;5,5;9;;;;;;;;;;;;
44109012;20220516;0,0;1;;;14,9;1;418;9;26,5;1;1521;9;20,1;1;20,70;1;;;;;0;9;11,6;1;20,7;1;;;;;;;;;;;;;;;;;;;;;;;;;;;;;;;;;;;;;;;;;;;;;;;;;;;;;;;;;;;;;;;;;;;;;;;;;;;;;;;;;;;;;;;;;;;;;;;4,7;9;;;;;;;;;;;;
44109012;20220517;0,2;1;;;14,3;1;223;9;30,6;1;1343;9;21,7;1;22,45;1;;;;;0;9;16,3;1;22,5;1;;;;;;;;;;;;;;;;;;;;;;;;;;;;;;;;;;;;;;;;;;;;;;;;;;;;;;;;;;;;;;;;;;;;;;;;;;;;;;;;;;;;;;;;;;;;;;;5,9;9;;;;;;;;;;;;
44109012;20220518;1,6;1;;;13,7;1;434;9;30,4;1;1606;9;21,7;1;22,05;1;;;;;0;9;16,7;1;22,1;1;;;;;;;;;;;;;;;;;;;;;;;;;;;;;;;;;;;;;;;;;;;;;;;;;;;;;;;;;;;;;;;;;;;;;;;;;;;;;;;;;;;;;;;;;;;;;;;5,4;9;;;;;;;;;;;;
44109012;20220519;4,6;1;;;15,8;1;404;9;25,8;1;1657;9;20,4;1;20,80;1;;;;;0;9;10,0;1;20,8;1;;;;;;;;;;;;;;;;;;;;;;;;;;;;;;;;;;;;;;;;;;;;;;;;;;;;;;;;;;;;;;;;;;;;;;;;;;;;;;;;;;;;;;;;;;;;;;;4,3;9;;;;;;;;;;;;
44109012;20220520;0,2;1;;;16,5;1;358;9;24,4;1;1529;9;18,7;1;20,45;1;;;;;0;9;7,9;1;20,5;1;;;;;;;;;;;;;;;;;;;;;;;;;;;;;;;;;;;;;;;;;;;;;;;;;;;;;;;;;;;;;;;;;;;;;;;;;;;;;;;;;;;;;;;;;;;;;;;3,9;9;;;;;;;;;;;;
44109012;20220521;0,0;1;;;11,5;1;415;9;27,4;1;1636;9;20,0;1;19,45;1;;;;;0;9;15,9;1;19,5;1;;;;;;;;;;;;;;;;;;;;;;;;;;;;;;;;;;;;;;;;;;;;;;;;;;;;;;;;;;;;;;;;;;;;;;;;;;;;;;;;;;;;;;;;;;;;;;;5,2;9;;;;;;;;;;;;
44109012;20220522;18,7;1;;;17,0;1;154;9;28,6;1;1519;9;21,8;1;22,80;1;;;;;0;9;11,6;1;22,8;1;;;;;;;;;;;;;;;;;;;;;;;;;;;;;;;;;;;;;;;;;;;;;;;;;;;;;;;;;;;;;;;;;;;;;;;;;;;;;;;;;;;;;;;;;;;;;;;4,8;9;;;;;;;;;;;;
44109012;20220523;8,2;1;;;13,9;1;820;9;20,0;1;1313;9;16,0;1;16,95;1;;;;;0;9;6,1;1;17,0;1;;;;;;;;;;;;;;;;;;;;;;;;;;;;;;;;;;;;;;;;;;;;;;;;;;;;;;;;;;;;;;;;;;;;;;;;;;;;;;;;;;;;;;;;;;;;;;;3,0;9;;;;;;;;;;;;
44109012;20220524;0,8;1;;;11,5;1;46;9;18,9;1;1502;9;14,6;1;15,20;1;;;;;0;9;7,4;1;15,2;1;;;;;;;;;;;;;;;;;;;;;;;;;;;;;;;;;;;;;;;;;;;;;;;;;;;;;;;;;;;;;;;;;;;;;;;;;;;;;;;;;;;;;;;;;;;;;;;3,5;9;;;;;;;;;;;;
44109012;20220525;0,2;1;;;9,3;1;330;9;19,3;1;1159;9;15,3;1;14,30;1;;;;;0;9;10,0;1;14,3;1;;;;;;;;;;;;;;;;;;;;;;;;;;;;;;;;;;;;;;;;;;;;;;;;;;;;;;;;;;;;;;;;;;;;;;;;;;;;;;;;;;;;;;;;;;;;;;;3,0;9;;;;;;;;;;;;
44109012;20220526;0,0;1;;;14,3;1;452;9;18,3;1;1451;9;16,0;1;16,30;1;;;;;0;9;4,0;1;16,3;1;;;;;;;;;;;;;;;;;;;;;;;;;;;;;;;;;;;;;;;;;;;;;;;;;;;;;;;;;;;;;;;;;;;;;;;;;;;;;;;;;;;;;;;;;;;;;;;2,2;9;;;;;;;;;;;;
44109012;20220527;0,0;1;;;11,2;1;313;9;19,1;1;1342;9;15,7;1;15,15;1;;;;;0;9;7,9;1;15,2;1;;;;;;;;;;;;;;;;;;;;;;;;;;;;;;;;;;;;;;;;;;;;;;;;;;;;;;;;;;;;;;;;;;;;;;;;;;;;;;;;;;;;;;;;;;;;;;;2,2;9;;;;;;;;;;;;
44109012;20220528;0,0;1;;;10,4;1;355;9;23,5;1;1457;9;17,2;1;16,95;1;;;;;0;9;13,1;1;17,0;1;;;;;;;;;;;;;;;;;;;;;;;;;;;;;;;;;;;;;;;;;;;;;;;;;;;;;;;;;;;;;;;;;;;;;;;;;;;;;;;;;;;;;;;;;;;;;;;5,5;9;;;;;;;;;;;;
44109012;20220529;0,0;1;;;10,8;1;355;9;19,7;1;1628;9;15,0;1;15,25;1;;;;;0;9;8,9;1;15,3;1;;;;;;;;;;;;;;;;;;;;;;;;;;;;;;;;;;;;;;;;;;;;;;;;;;;;;;;;;;;;;;;;;;;;;;;;;;;;;;;;;;;;;;;;;;;;;;;5,3;9;;;;;;;;;;;;
44109012;20220530;0,0;1;;;8,1;1;417;9;20,6;1;1352;9;15,0;1;14,35;1;;;;;0;9;12,5;1;14,4;1;;;;;;;;;;;;;;;;;;;;;;;;;;;;;;;;;;;;;;;;;;;;;;;;;;;;;;;;;;;;;;;;;;;;;;;;;;;;;;;;;;;;;;;;;;;;;;;4,3;9;;;;;;;;;;;;
44109012;20220531;0,0;1;;;9,9;1;435;9;23,0;1;1541;9;16,6;1;16,45;1;;;;;0;9;13,1;1;16,5;1;;;;;;;;;;;;;;;;;;;;;;;;;;;;;;;;;;;;;;;;;;;;;;;;;;;;;;;;;;;;;;;;;;;;;;;;;;;;;;;;;;;;;;;;;;;;;;;4,9;9;;;;;;;;;;;;
44109012;20220601;0,0;1;;;10,5;1;353;9;25,1;1;1519;9;18,3;1;17,80;1;;;;;0;9;14,6;1;17,8;1;;;;;;;;;;;;;;;;;;;;;;;;;;;;;;;;;;;;;;;;;;;;;;;;;;;;;;;;;;;;;;;;;;;;;;;;;;;;;;;;;;;;;;;;;;;;;;;5,3;9;;;;;;;;;;;;
44109012;20220602;0,0;1;;;15,3;1;345;9;28,2;1;1611;9;21,5;1;21,75;1;;;;;0;9;12,9;1;21,8;1;;;;;;;;;;;;;;;;;;;;;;;;;;;;;;;;;;;;;;;;;;;;;;;;;;;;;;;;;;;;;;;;;;;;;;;;;;;;;;;;;;;;;;;;;;;;;;;5,7;9;;;;;;;;;;;;
44109012;20220603;11,4;1;;;16,3;1;700;9;26,0;1;1436;9;20,8;1;21,15;1;;;;;0;9;9,7;1;21,2;1;;;;;;;;;;;;;;;;;;;;;;;;;;;;;;;;;;;;;;;;;;;;;;;;;;;;;;;;;;;;;;;;;;;;;;;;;;;;;;;;;;;;;;;;;;;;;;;3,8;9;;;;;;;;;;;;
44109012;20220604;0,6;1;;;15,3;1;504;9;26,1;1;1223;9;20,0;1;20,70;1;;;;;0;9;10,8;1;20,7;1;;;;;;;;;;;;;;;;;;;;;;;;;;;;;;;;;;;;;;;;;;;;;;;;;;;;;;;;;;;;;;;;;;;;;;;;;;;;;;;;;;;;;;;;;;;;;;;4,2;9;;;;;;;;;;;;
44109012;20220605;0,2;1;;;15,6;1;242;9;22,2;1;1440;9;17,8;1;18,90;1;;;;;0;9;6,6;1;18,9;1;;;;;;;;;;;;;;;;;;;;;;;;;;;;;;;;;;;;;;;;;;;;;;;;;;;;;;;;;;;;;;;;;;;;;;;;;;;;;;;;;;;;;;;;;;;;;;;4,8;9;;;;;;;;;;;;
44109012;20220606;1,6;1;;;13,6;1;417;9;18,7;1;1019;9;16,5;1;16,15;1;;;;;0;9;5,1;1;16,2;1;;;;;;;;;;;;;;;;;;;;;;;;;;;;;;;;;;;;;;;;;;;;;;;;;;;;;;;;;;;;;;;;;;;;;;;;;;;;;;;;;;;;;;;;;;;;;;;2,5;9;;;;;;;;;;;;
44109012;20220607;16,1;1;;;14,2;1;257;9;21,1;1;1511;9;17,5;1;17,65;1;;;;;0;9;6,9;1;17,7;1;;;;;;;;;;;;;;;;;;;;;;;;;;;;;;;;;;;;;;;;;;;;;;;;;;;;;;;;;;;;;;;;;;;;;;;;;;;;;;;;;;;;;;;;;;;;;;;3,3;9;;;;;;;;;;;;
44109012;20220608;0,0;1;;;15,6;1;2304;9;21,4;1;1235;9;18,0;1;18,50;1;;;;;0;9;5,8;1;18,5;1;;;;;;;;;;;;;;;;;;;;;;;;;;;;;;;;;;;;;;;;;;;;;;;;;;;;;;;;;;;;;;;;;;;;;;;;;;;;;;;;;;;;;;;;;;;;;;;4,3;9;;;;;;;;;;;;
44109012;20220609;0,0;1;;;14,6;1;404;9;22,7;1;1434;9;18,3;1;18,65;1;;;;;0;9;8,1;1;18,7;1;;;;;;;;;;;;;;;;;;;;;;;;;;;;;;;;;;;;;;;;;;;;;;;;;;;;;;;;;;;;;;;;;;;;;;;;;;;;;;;;;;;;;;;;;;;;;;;4,6;9;;;;;;;;;;;;
44109012;20220610;0,0;1;;;16,6;1;210;9;22,6;1;1606;9;18,6;1;19,60;1;;;;;0;9;6,0;1;19,6;1;;;;;;;;;;;;;;;;;;;;;;;;;;;;;;;;;;;;;;;;;;;;;;;;;;;;;;;;;;;;;;;;;;;;;;;;;;;;;;;;;;;;;;;;;;;;;;;2,8;9;;;;;;;;;;;;
44109012;20220611;0,0;1;;;12,4;1;407;9;26,1;1;1622;9;19,6;1;19,25;1;;;;;0;9;13,7;1;19,3;1;;;;;;;;;;;;;;;;;;;;;;;;;;;;;;;;;;;;;;;;;;;;;;;;;;;;;;;;;;;;;;;;;;;;;;;;;;;;;;;;;;;;;;;;;;;;;;;4,5;9;;;;;;;;;;;;
44109012;20220612;0,0;1;;;13,6;1;422;9;25,6;1;1422;9;19,2;1;19,60;1;;;;;0;9;12,0;1;19,6;1;;;;;;;;;;;;;;;;;;;;;;;;;;;;;;;;;;;;;;;;;;;;;;;;;;;;;;;;;;;;;;;;;;;;;;;;;;;;;;;;;;;;;;;;;;;;;;;6,0;9;;;;;;;;;;;;
44109012;20220613;0,0;1;;;11,8;1;433;9;25,7;1;1609;9;19,2;1;18,75;1;;;;;0;9;13,9;1;18,8;1;;;;;;;;;;;;;;;;;;;;;;;;;;;;;;;;;;;;;;;;;;;;;;;;;;;;;;;;;;;;;;;;;;;;;;;;;;;;;;;;;;;;;;;;;;;;;;;6,1;9;;;;;;;;;;;;
44109012;20220614;0,0;1;;;13,4;1;331;9;29,9;1;1657;9;22,5;1;21,65;1;;;;;0;9;16,5;1;21,7;1;;;;;;;;;;;;;;;;;;;;;;;;;;;;;;;;;;;;;;;;;;;;;;;;;;;;;;;;;;;;;;;;;;;;;;;;;;;;;;;;;;;;;;;;;;;;;;;6,9;9;;;;;;;;;;;;
44109012;20220615;0,2;1;;;17,3;1;436;9;32,4;1;1456;9;25,3;1;24,85;1;;;;;0;9;15,1;1;24,9;1;;;;;;;;;;;;;;;;;;;;;;;;;;;;;;;;;;;;;;;;;;;;;;;;;;;;;;;;;;;;;;;;;;;;;;;;;;;;;;;;;;;;;;;;;;;;;;;6,7;9;;;;;;;;;;;;
44109012;20220616;0,0;1;;;16,8;1;425;9;32,6;1;1405;9;24,9;1;24,70;1;;;;;0;9;15,8;1;24,7;1;;;;;;;;;;;;;;;;;;;;;;;;;;;;;;;;;;;;;;;;;;;;;;;;;;;;;;;;;;;;;;;;;;;;;;;;;;;;;;;;;;;;;;;;;;;;;;;5,9;9;;;;;;;;;;;;
44109012;20220617;0,0;1;;;19,0;1;424;9;36,9;1;1550;9;28,6;1;27,95;1;;;;;0;9;17,9;1;28,0;1;;;;;;;;;;;;;;;;;;;;;;;;;;;;;;;;;;;;;;;;;;;;;;;;;;;;;;;;;;;;;;;;;;;;;;;;;;;;;;;;;;;;;;;;;;;;;;;6,4;9;;;;;;;;;;;;
44109012;20220618;0,6;1;;;20,5;1;424;9;39,2;1;1447;9;29,2;1;29,85;1;;;;;0;9;18,7;1;29,9;1;;;;;;;;;;;;;;;;;;;;;;;;;;;;;;;;;;;;;;;;;;;;;;;;;;;;;;;;;;;;;;;;;;;;;;;;;;;;;;;;;;;;;;;;;;;;;;;7,9;9;;;;;;;;;;;;
44109012;20220619;1,4;1;;;17,0;1;601;9;27,0;1;1500;9;21,1;1;22,00;1;;;;;0;9;10,0;1;22,0;1;;;;;;;;;;;;;;;;;;;;;;;;;;;;;;;;;;;;;;;;;;;;;;;;;;;;;;;;;;;;;;;;;;;;;;;;;;;;;;;;;;;;;;;;;;;;;;;4,3;9;;;;;;;;;;;;
44109012;20220620;4,4;1;;;16,8;1;419;9;28,7;1;1542;9;22,1;1;22,75;1;;;;;0;9;11,9;1;22,8;1;;;;;;;;;;;;;;;;;;;;;;;;;;;;;;;;;;;;;;;;;;;;;;;;;;;;;;;;;;;;;;;;;;;;;;;;;;;;;;;;;;;;;;;;;;;;;;;5,3;9;;;;;;;;;;;;
44109012;20220621;3,4;1;;;16,7;1;439;9;27,1;1;1322;9;21,0;1;21,90;1;;;;;0;9;10,4;1;21,9;1;;;;;;;;;;;;;;;;;;;;;;;;;;;;;;;;;;;;;;;;;;;;;;;;;;;;;;;;;;;;;;;;;;;;;;;;;;;;;;;;;;;;;;;;;;;;;;;4,3;9;;;;;;;;;;;;
44109012;20220622;0,2;1;;;17,6;1;143;9;23,0;1;1312;9;19,7;1;20,30;1;;;;;0;9;5,4;1;20,3;1;;;;;;;;;;;;;;;;;;;;;;;;;;;;;;;;;;;;;;;;;;;;;;;;;;;;;;;;;;;;;;;;;;;;;;;;;;;;;;;;;;;;;;;;;;;;;;;2,6;9;;;;;;;;;;;;
44109012;20220623;1,0;1;;;15,1;1;440;9;25,9;1;1423;9;20,2;1;20,50;1;;;;;0;9;10,8;1;20,5;1;;;;;;;;;;;;;;;;;;;;;;;;;;;;;;;;;;;;;;;;;;;;;;;;;;;;;;;;;;;;;;;;;;;;;;;;;;;;;;;;;;;;;;;;;;;;;;;4,7;9;;;;;;;;;;;;
44109012;20220624;8,4;1;;;16,2;1;204;9;21,3;1;1509;9;17,6;1;18,75;1;;;;;0;9;5,1;1;18,8;1;;;;;;;;;;;;;;;;;;;;;;;;;;;;;;;;;;;;;;;;;;;;;;;;;;;;;;;;;;;;;;;;;;;;;;;;;;;;;;;;;;;;;;;;;;;;;;;2,9;9;;;;;;;;;;;;
44109012;20220625;0,2;1;;;14,2;1;219;9;20,9;1;1533;9;16,1;1;17,55;1;;;;;0;9;6,7;1;17,6;1;;;;;;;;;;;;;;;;;;;;;;;;;;;;;;;;;;;;;;;;;;;;;;;;;;;;;;;;;;;;;;;;;;;;;;;;;;;;;;;;;;;;;;;;;;;;;;;3,3;9;;;;;;;;;;;;
44109012;20220626;0,2;1;;;11,0;1;256;9;21,6;1;1323;9;17,2;1;16,30;1;;;;;0;9;10,6;1;16,3;1;;;;;;;;;;;;;;;;;;;;;;;;;;;;;;;;;;;;;;;;;;;;;;;;;;;;;;;;;;;;;;;;;;;;;;;;;;;;;;;;;;;;;;;;;;;;;;;4,0;9;;;;;;;;;;;;
44109012;20220627;0,0;1;;;12,6;1;216;9;22,8;1;1328;9;17,5;1;17,70;1;;;;;0;9;10,2;1;17,7;1;;;;;;;;;;;;;;;;;;;;;;;;;;;;;;;;;;;;;;;;;;;;;;;;;;;;;;;;;;;;;;;;;;;;;;;;;;;;;;;;;;;;;;;;;;;;;;;4,6;9;;;;;;;;;;;;
44109012;20220628;0,2;1;;;10,0;1;417;9;22,8;1;1448;9;17,4;1;16,40;1;;;;;0;9;12,8;1;16,4;1;;;;;;;;;;;;;;;;;;;;;;;;;;;;;;;;;;;;;;;;;;;;;;;;;;;;;;;;;;;;;;;;;;;;;;;;;;;;;;;;;;;;;;;;;;;;;;;4,5;9;;;;;;;;;;;;
44109012;20220629;1,0;1;;;15,0;1;2356;9;20,1;1;1419;9;16,8;1;17,55;1;;;;;0;9;5,1;1;17,6;1;;;;;;;;;;;;;;;;;;;;;;;;;;;;;;;;;;;;;;;;;;;;;;;;;;;;;;;;;;;;;;;;;;;;;;;;;;;;;;;;;;;;;;;;;;;;;;;2,6;9;;;;;;;;;;;;
44109012;20220630;0,6;1;;;12,8;1;516;9;20,9;1;1329;9;16,3;1;16,85;1;;;;;0;9;8,1;1;16,9;1;;;;;;;;;;;;;;;;;;;;;;;;;;;;;;;;;;;;;;;;;;;;;;;;;;;;;;;;;;;;;;;;;;;;;;;;;;;;;;;;;;;;;;;;;;;;;;;4,4;9;;;;;;;;;;;;
44109012;20220701;0,0;1;;;9,8;1;358;9;22,4;1;1621;9;16,6;1;16,10;1;;;;;0;9;12,6;1;16,1;1;;;;;;;;;;;;;;;;;;;;;;;;;;;;;;;;;;;;;;;;;;;;;;;;;;;;;;;;;;;;;;;;;;;;;;;;;;;;;;;;;;;;;;;;;;;;;;;3,6;9;;;;;;;;;;;;
44109012;20220702;0,0;1;;;10,5;1;252;9;25,9;1;1400;9;18,9;1;18,20;1;;;;;0;9;15,4;1;18,2;1;;;;;;;;;;;;;;;;;;;;;;;;;;;;;;;;;;;;;;;;;;;;;;;;;;;;;;;;;;;;;;;;;;;;;;;;;;;;;;;;;;;;;;;;;;;;;;;5,4;9;;;;;;;;;;;;
44109012;20220703;0,0;1;;;13,2;1;436;9;25,1;1;1554;9;19,0;1;19,15;1;;;;;0;9;11,9;1;19,2;1;;;;;;;;;;;;;;;;;;;;;;;;;;;;;;;;;;;;;;;;;;;;;;;;;;;;;;;;;;;;;;;;;;;;;;;;;;;;;;;;;;;;;;;;;;;;;;;5,3;9;;;;;;;;;;;;
44109012;20220704;0,0;1;;;12,0;1;311;9;26,6;1;1543;9;19,3;1;19,30;1;;;;;0;9;14,6;1;19,3;1;;;;;;;;;;;;;;;;;;;;;;;;;;;;;;;;;;;;;;;;;;;;;;;;;;;;;;;;;;;;;;;;;;;;;;;;;;;;;;;;;;;;;;;;;;;;;;;5,9;9;;;;;;;;;;;;
44109012;20220705;0,0;1;;;11,8;1;433;9;26,1;1;1540;9;19,3;1;18,95;1;;;;;0;9;14,3;1;19,0;1;;;;;;;;;;;;;;;;;;;;;;;;;;;;;;;;;;;;;;;;;;;;;;;;;;;;;;;;;;;;;;;;;;;;;;;;;;;;;;;;;;;;;;;;;;;;;;;6,0;9;;;;;;;;;;;;
44109012;20220706;0,0;1;;;13,2;1;358;9;28,3;1;1618;9;21,2;1;20,75;1;;;;;0;9;15,1;1;20,8;1;;;;;;;;;;;;;;;;;;;;;;;;;;;;;;;;;;;;;;;;;;;;;;;;;;;;;;;;;;;;;;;;;;;;;;;;;;;;;;;;;;;;;;;;;;;;;;;6,2;9;;;;;;;;;;;;
44109012;20220707;0,0;1;;;14,6;1;422;9;27,0;1;1646;9;20,8;1;20,80;1;;;;;0;9;12,4;1;20,8;1;;;;;;;;;;;;;;;;;;;;;;;;;;;;;;;;;;;;;;;;;;;;;;;;;;;;;;;;;;;;;;;;;;;;;;;;;;;;;;;;;;;;;;;;;;;;;;;5,0;9;;;;;;;;;;;;
44109012;20220708;0,0;1;;;15,2;1;428;9;29,3;1;1504;9;22,6;1;22,25;1;;;;;0;9;14,1;1;22,3;1;;;;;;;;;;;;;;;;;;;;;;;;;;;;;;;;;;;;;;;;;;;;;;;;;;;;;;;;;;;;;;;;;;;;;;;;;;;;;;;;;;;;;;;;;;;;;;;7,0;9;;;;;;;;;;;;
44109012;20220709;0,0;1;;;16,4;1;443;9;31,6;1;1505;9;24,6;1;24,00;1;;;;;0;9;15,2;1;24,0;1;;;;;;;;;;;;;;;;;;;;;;;;;;;;;;;;;;;;;;;;;;;;;;;;;;;;;;;;;;;;;;;;;;;;;;;;;;;;;;;;;;;;;;;;;;;;;;;7,0;9;;;;;;;;;;;;
44109012;20220710;0,0;1;;;17,5;1;455;9;30,4;1;1518;9;24,4;1;23,95;1;;;;;0;9;12,9;1;24,0;1;;;;;;;;;;;;;;;;;;;;;;;;;;;;;;;;;;;;;;;;;;;;;;;;;;;;;;;;;;;;;;;;;;;;;;;;;;;;;;;;;;;;;;;;;;;;;;;7,4;9;;;;;;;;;;;;
44109012;20220711;0,0;1;;;18,7;1;426;9;33,0;1;1634;9;25,8;1;25,85;1;;;;;0;9;14,3;1;25,9;1;;;;;;;;;;;;;;;;;;;;;;;;;;;;;;;;;;;;;;;;;;;;;;;;;;;;;;;;;;;;;;;;;;;;;;;;;;;;;;;;;;;;;;;;;;;;;;;7,9;9;;;;;;;;;;;;
44109012;20220712;0,0;1;;;18,6;1;432;9;36,0;1;1630;9;27,9;1;27,30;1;;;;;0;9;17,4;1;27,3;1;;;;;;;;;;;;;;;;;;;;;;;;;;;;;;;;;;;;;;;;;;;;;;;;;;;;;;;;;;;;;;;;;;;;;;;;;;;;;;;;;;;;;;;;;;;;;;;6,7;9;;;;;;;;;;;;
44109012;20220713;0,0;1;;;19,3;1;446;9;37,5;1;1522;9;29,3;1;28,40;1;;;;;0;9;18,2;1;28,4;1;;;;;;;;;;;;;;;;;;;;;;;;;;;;;;;;;;;;;;;;;;;;;;;;;;;;;;;;;;;;;;;;;;;;;;;;;;;;;;;;;;;;;;;;;;;;;;;6,8;9;;;;;;;;;;;;
44109012;20220714;0,0;1;;;19,0;1;457;9;31,5;1;1404;9;24,8;1;25,25;1;;;;;0;9;12,5;1;25,3;1;;;;;;;;;;;;;;;;;;;;;;;;;;;;;;;;;;;;;;;;;;;;;;;;;;;;;;;;;;;;;;;;;;;;;;;;;;;;;;;;;;;;;;;;;;;;;;;7,2;9;;;;;;;;;;;;
44109012;20220715;0,0;1;;;15,5;1;427;9;30,7;1;1540;9;23,5;1;23,10;1;;;;;0;9;15,2;1;23,1;1;;;;;;;;;;;;;;;;;;;;;;;;;;;;;;;;;;;;;;;;;;;;;;;;;;;;;;;;;;;;;;;;;;;;;;;;;;;;;;;;;;;;;;;;;;;;;;;6,9;9;;;;;;;;;;;;
44109012;20220716;0,0;1;;;17,3;1;444;9;32,4;1;1516;9;25,3;1;24,85;1;;;;;0;9;15,1;1;24,9;1;;;;;;;;;;;;;;;;;;;;;;;;;;;;;;;;;;;;;;;;;;;;;;;;;;;;;;;;;;;;;;;;;;;;;;;;;;;;;;;;;;;;;;;;;;;;;;;7,7;9;;;;;;;;;;;;
44109012;20220717;0,0;1;;;19,0;1;501;9;34,8;1;1529;9;27,3;1;26,90;1;;;;;0;9;15,8;1;26,9;1;;;;;;;;;;;;;;;;;;;;;;;;;;;;;;;;;;;;;;;;;;;;;;;;;;;;;;;;;;;;;;;;;;;;;;;;;;;;;;;;;;;;;;;;;;;;;;;8,0;9;;;;;;;;;;;;
44109012;20220718;0,0;1;;;20,8;1;450;9;41,2;1;1447;9;32,2;1;31,00;1;;;;;0;9;20,4;1;31,0;1;;;;;;;;;;;;;;;;;;;;;;;;;;;;;;;;;;;;;;;;;;;;;;;;;;;;;;;;;;;;;;;;;;;;;;;;;;;;;;;;;;;;;;;;;;;;;;;8,8;9;;;;;;;;;;;;
44109012;20220719;1,6;1;;;21,3;1;1007;9;26,9;1;1408;9;24,5;1;24,10;1;;;;;0;9;5,6;1;24,1;1;;;;;;;;;;;;;;;;;;;;;;;;;;;;;;;;;;;;;;;;;;;;;;;;;;;;;;;;;;;;;;;;;;;;;;;;;;;;;;;;;;;;;;;;;;;;;;;5,5;9;;;;;;;;;;;;
44109012;20220720;4,1;1;;;18,7;1;416;9;25,3;1;1211;9;21,1;1;22,00;1;;;;;0;9;6,6;1;22,0;1;;;;;;;;;;;;;;;;;;;;;;;;;;;;;;;;;;;;;;;;;;;;;;;;;;;;;;;;;;;;;;;;;;;;;;;;;;;;;;;;;;;;;;;;;;;;;;;4,2;9;;;;;;;;;;;;
44109012;20220721;0,0;1;;;17,5;1;525;9;28,1;1;1551;9;22,4;1;22,80;1;;;;;0;9;10,6;1;22,8;1;;;;;;;;;;;;;;;;;;;;;;;;;;;;;;;;;;;;;;;;;;;;;;;;;;;;;;;;;;;;;;;;;;;;;;;;;;;;;;;;;;;;;;;;;;;;;;;4,6;9;;;;;;;;;;;;
44109012;20220722;13,9;1;;;17,5;1;428;9;22,7;1;1811;9;19,3;1;20,10;1;;;;;0;9;5,2;1;20,1;1;;;;;;;;;;;;;;;;;;;;;;;;;;;;;;;;;;;;;;;;;;;;;;;;;;;;;;;;;;;;;;;;;;;;;;;;;;;;;;;;;;;;;;;;;;;;;;;1,9;9;;;;;;;;;;;;
44109012;20220723;0,0;1;;;14,4;1;510;9;28,3;1;1533;9;20,9;1;21,35;1;;;;;0;9;13,9;1;21,4;1;;;;;;;;;;;;;;;;;;;;;;;;;;;;;;;;;;;;;;;;;;;;;;;;;;;;;;;;;;;;;;;;;;;;;;;;;;;;;;;;;;;;;;;;;;;;;;;5,4;9;;;;;;;;;;;;
44109012;20220724;0,2;1;;;14,4;1;448;9;32,4;1;1442;9;23,8;1;23,40;1;;;;;0;9;18,0;1;23,4;1;;;;;;;;;;;;;;;;;;;;;;;;;;;;;;;;;;;;;;;;;;;;;;;;;;;;;;;;;;;;;;;;;;;;;;;;;;;;;;;;;;;;;;;;;;;;;;;6,1;9;;;;;;;;;;;;
44109012;20220725;0,0;1;;;18,9;1;112;9;24,5;1;1127;9;20,8;1;21,70;1;;;;;0;9;5,6;1;21,7;1;;;;;;;;;;;;;;;;;;;;;;;;;;;;;;;;;;;;;;;;;;;;;;;;;;;;;;;;;;;;;;;;;;;;;;;;;;;;;;;;;;;;;;;;;;;;;;;4,6;9;;;;;;;;;;;;
44109012;20220726;0,0;1;;;17,3;1;2332;9;25,6;1;1511;9;20,3;1;21,45;1;;;;;0;9;8,3;1;21,5;1;;;;;;;;;;;;;;;;;;;;;;;;;;;;;;;;;;;;;;;;;;;;;;;;;;;;;;;;;;;;;;;;;;;;;;;;;;;;;;;;;;;;;;;;;;;;;;;3,9;9;;;;;;;;;;;;
44109012;20220727;0,0;1;;;13,8;1;427;9;26,9;1;1700;9;20,6;1;20,35;1;;;;;0;9;13,1;1;20,4;1;;;;;;;;;;;;;;;;;;;;;;;;;;;;;;;;;;;;;;;;;;;;;;;;;;;;;;;;;;;;;;;;;;;;;;;;;;;;;;;;;;;;;;;;;;;;;;;4,3;9;;;;;;;;;;;;
44109012;20220728;0,0;1;;;17,5;1;407;9;29,7;1;1303;9;23,3;1;23,60;1;;;;;0;9;12,2;1;23,6;1;;;;;;;;;;;;;;;;;;;;;;;;;;;;;;;;;;;;;;;;;;;;;;;;;;;;;;;;;;;;;;;;;;;;;;;;;;;;;;;;;;;;;;;;;;;;;;;5,2;9;;;;;;;;;;;;
44109012;20220729;0,0;1;;;18,8;1;544;9;31,4;1;1511;9;23,9;1;25,10;1;;;;;0;9;12,6;1;25,1;1;;;;;;;;;;;;;;;;;;;;;;;;;;;;;;;;;;;;;;;;;;;;;;;;;;;;;;;;;;;;;;;;;;;;;;;;;;;;;;;;;;;;;;;;;;;;;;;4,8;9;;;;;;;;;;;;
44109012;20220730;0,0;1;;;17,2;1;502;9;31,2;1;1403;9;23,8;1;24,20;1;;;;;0;9;14,0;1;24,2;1;;;;;;;;;;;;;;;;;;;;;;;;;;;;;;;;;;;;;;;;;;;;;;;;;;;;;;;;;;;;;;;;;;;;;;;;;;;;;;;;;;;;;;;;;;;;;;;5,6;9;;;;;;;;;;;;
44109012;20220731;0,0;1;;;17,2;1;356;9;29,2;1;1354;9;22,6;1;23,20;1;;;;;0;9;12,0;1;23,2;1;;;;;;;;;;;;;;;;;;;;;;;;;;;;;;;;;;;;;;;;;;;;;;;;;;;;;;;;;;;;;;;;;;;;;;;;;;;;;;;;;;;;;;;;;;;;;;;5,4;9;;;;;;;;;;;;
44109012;20220801;0,0;1;;;18,3;1;219;9;30,3;1;1737;9;23,5;1;24,30;1;;;;;0;9;12,0;1;24,3;1;;;;;;;;;;;;;;;;;;;;;;;;;;;;;;;;;;;;;;;;;;;;;;;;;;;;;;;;;;;;;;;;;;;;;;;;;;;;;;;;;;;;;;;;;;;;;;;4,5;9;;;;;;;;;;;;
44109012;20220802;0,0;1;;;17,8;1;452;9;33,4;1;1718;9;26,0;1;25,60;1;;;;;0;9;15,6;1;25,6;1;;;;;;;;;;;;;;;;;;;;;;;;;;;;;;;;;;;;;;;;;;;;;;;;;;;;;;;;;;;;;;;;;;;;;;;;;;;;;;;;;;;;;;;;;;;;;;;5,5;9;;;;;;;;;;;;
44109012;20220803;0,6;1;;;19,1;1;508;9;35,5;1;1340;9;27,7;1;27,30;1;;;;;0;9;16,4;1;27,3;1;;;;;;;;;;;;;;;;;;;;;;;;;;;;;;;;;;;;;;;;;;;;;;;;;;;;;;;;;;;;;;;;;;;;;;;;;;;;;;;;;;;;;;;;;;;;;;;6,3;9;;;;;;;;;;;;
44109012;20220804;0,0;1;;;19,3;1;456;9;29,7;1;1620;9;22,9;1;24,50;1;;;;;0;9;10,4;1;24,5;1;;;;;;;;;;;;;;;;;;;;;;;;;;;;;;;;;;;;;;;;;;;;;;;;;;;;;;;;;;;;;;;;;;;;;;;;;;;;;;;;;;;;;;;;;;;;;;;5,3;9;;;;;;;;;;;;
44109012;20220805;0,0;1;;;15,4;1;456;9;27,5;1;1416;9;21,0;1;21,45;1;;;;;0;9;12,1;1;21,5;1;;;;;;;;;;;;;;;;;;;;;;;;;;;;;;;;;;;;;;;;;;;;;;;;;;;;;;;;;;;;;;;;;;;;;;;;;;;;;;;;;;;;;;;;;;;;;;;6,1;9;;;;;;;;;;;;
44109012;20220806;0,0;1;;;13,6;1;443;9;28,0;1;1530;9;21,4;1;20,80;1;;;;;0;9;14,4;1;20,8;1;;;;;;;;;;;;;;;;;;;;;;;;;;;;;;;;;;;;;;;;;;;;;;;;;;;;;;;;;;;;;;;;;;;;;;;;;;;;;;;;;;;;;;;;;;;;;;;6,7;9;;;;;;;;;;;;
44109012;20220807;0,0;1;;;15,4;1;517;9;29,4;1;1543;9;22,9;1;22,40;1;;;;;0;9;14,0;1;22,4;1;;;;;;;;;;;;;;;;;;;;;;;;;;;;;;;;;;;;;;;;;;;;;;;;;;;;;;;;;;;;;;;;;;;;;;;;;;;;;;;;;;;;;;;;;;;;;;;7,2;9;;;;;;;;;;;;
44109012;20220808;0,0;1;;;16,9;1;529;9;31,3;1;1627;9;24,5;1;24,10;1;;;;;0;9;14,4;1;24,1;1;;;;;;;;;;;;;;;;;;;;;;;;;;;;;;;;;;;;;;;;;;;;;;;;;;;;;;;;;;;;;;;;;;;;;;;;;;;;;;;;;;;;;;;;;;;;;;;7,1;9;;;;;;;;;;;;
44109012;20220809;0,0;1;;;18,5;1;504;9;33,3;1;1515;9;25,9;1;25,90;1;;;;;0;9;14,8;1;25,9;1;;;;;;;;;;;;;;;;;;;;;;;;;;;;;;;;;;;;;;;;;;;;;;;;;;;;;;;;;;;;;;;;;;;;;;;;;;;;;;;;;;;;;;;;;;;;;;;7,4;9;;;;;;;;;;;;
44109012;20220810;0,0;1;;;20,3;1;513;9;34,9;1;1439;9;27,7;1;27,60;1;;;;;0;9;14,6;1;27,6;1;;;;;;;;;;;;;;;;;;;;;;;;;;;;;;;;;;;;;;;;;;;;;;;;;;;;;;;;;;;;;;;;;;;;;;;;;;;;;;;;;;;;;;;;;;;;;;;8,1;9;;;;;;;;;;;;
44109012;20220811;0,0;1;;;19,9;1;447;9;36,2;1;1609;9;28,2;1;28,05;1;;;;;0;9;16,3;1;28,1;1;;;;;;;;;;;;;;;;;;;;;;;;;;;;;;;;;;;;;;;;;;;;;;;;;;;;;;;;;;;;;;;;;;;;;;;;;;;;;;;;;;;;;;;;;;;;;;;8,2;9;;;;;;;;;;;;
44109012;20220812;0,0;1;;;20,1;1;530;9;35,5;1;1612;9;28,1;1;27,80;1;;;;;0;9;15,4;1;27,8;1;;;;;;;;;;;;;;;;;;;;;;;;;;;;;;;;;;;;;;;;;;;;;;;;;;;;;;;;;;;;;;;;;;;;;;;;;;;;;;;;;;;;;;;;;;;;;;;6,4;9;;;;;;;;;;;;
44109012;20220813;1,2;1;;;19,6;1;500;9;37,6;1;1503;9;27,2;1;28,60;1;;;;;0;9;18,0;1;28,6;1;;;;;;;;;;;;;;;;;;;;;;;;;;;;;;;;;;;;;;;;;;;;;;;;;;;;;;;;;;;;;;;;;;;;;;;;;;;;;;;;;;;;;;;;;;;;;;;6,6;9;;;;;;;;;;;;
44109012;20220814;2,4;1;;;18,3;1;1754;9;21,7;1;1456;9;20,1;1;20,00;1;;;;;0;9;3,4;1;20,0;1;;;;;;;;;;;;;;;;;;;;;;;;;;;;;;;;;;;;;;;;;;;;;;;;;;;;;;;;;;;;;;;;;;;;;;;;;;;;;;;;;;;;;;;;;;;;;;;1,5;9;;;;;;;;;;;;
44109012;20220815;1,0;1;;;18,3;1;1833;9;25,2;1;1514;9;21,4;1;21,75;1;;;;;0;9;6,9;1;21,8;1;;;;;;;;;;;;;;;;;;;;;;;;;;;;;;;;;;;;;;;;;;;;;;;;;;;;;;;;;;;;;;;;;;;;;;;;;;;;;;;;;;;;;;;;;;;;;;;3,2;9;;;;;;;;;;;;
44109012;20220816;7,4;1;;;18,7;1;537;9;25,4;1;1239;9;20,5;1;22,05;1;;;;;0;9;6,7;1;22,1;1;;;;;;;;;;;;;;;;;;;;;;;;;;;;;;;;;;;;;;;;;;;;;;;;;;;;;;;;;;;;;;;;;;;;;;;;;;;;;;;;;;;;;;;;;;;;;;;3,3;9;;;;;;;;;;;;
44109012;20220817;5,1;1;;;15,7;1;602;9;23,1;1;1153;9;18,3;1;19,40;1;;;;;0;9;7,4;1;19,4;1;;;;;;;;;;;;;;;;;;;;;;;;;;;;;;;;;;;;;;;;;;;;;;;;;;;;;;;;;;;;;;;;;;;;;;;;;;;;;;;;;;;;;;;;;;;;;;;2,6;9;;;;;;;;;;;;
44109012;20220818;0,0;1;;;16,2;1;319;9;26,1;1;1624;9;20,4;1;21,15;1;;;;;0;9;9,9;1;21,2;1;;;;;;;;;;;;;;;;;;;;;;;;;;;;;;;;;;;;;;;;;;;;;;;;;;;;;;;;;;;;;;;;;;;;;;;;;;;;;;;;;;;;;;;;;;;;;;;3,4;9;;;;;;;;;;;;
44109012;20220819;2,2;1;;;18,2;1;24;9;25,3;1;1406;9;21,1;1;21,75;1;;;;;0;9;7,1;1;21,8;1;;;;;;;;;;;;;;;;;;;;;;;;;;;;;;;;;;;;;;;;;;;;;;;;;;;;;;;;;;;;;;;;;;;;;;;;;;;;;;;;;;;;;;;;;;;;;;;3,1;9;;;;;;;;;;;;
44109012;20220820;0,0;1;;;15,7;1;514;9;27,7;1;1437;9;20,9;1;21,70;1;;;;;0;9;12,0;1;21,7;1;;;;;;;;;;;;;;;;;;;;;;;;;;;;;;;;;;;;;;;;;;;;;;;;;;;;;;;;;;;;;;;;;;;;;;;;;;;;;;;;;;;;;;;;;;;;;;;4,6;9;;;;;;;;;;;;
44109012;20220821;4,4;1;;;15,5;1;307;9;22,0;1;1415;9;18,5;1;18,75;1;;;;;0;9;6,5;1;18,8;1;;;;;;;;;;;;;;;;;;;;;;;;;;;;;;;;;;;;;;;;;;;;;;;;;;;;;;;;;;;;;;;;;;;;;;;;;;;;;;;;;;;;;;;;;;;;;;;1,6;9;;;;;;;;;;;;
44109012;20220822;0,0;1;;;18,5;1;2031;9;26,5;1;1404;9;21,2;1;22,50;1;;;;;0;9;8,0;1;22,5;1;;;;;;;;;;;;;;;;;;;;;;;;;;;;;;;;;;;;;;;;;;;;;;;;;;;;;;;;;;;;;;;;;;;;;;;;;;;;;;;;;;;;;;;;;;;;;;;3,2;9;;;;;;;;;;;;
44109012;20220823;0,0;1;;;19,9;1;236;9;28,0;1;1656;9;22,6;1;23,95;1;;;;;0;9;8,1;1;24,0;1;;;;;;;;;;;;;;;;;;;;;;;;;;;;;;;;;;;;;;;;;;;;;;;;;;;;;;;;;;;;;;;;;;;;;;;;;;;;;;;;;;;;;;;;;;;;;;;2,6;9;;;;;;;;;;;;
44109012;20220824;2,6;1;;;17,6;1;526;9;33,7;1;1535;9;25,9;1;25,65;1;;;;;0;9;16,1;1;25,7;1;;;;;;;;;;;;;;;;;;;;;;;;;;;;;;;;;;;;;;;;;;;;;;;;;;;;;;;;;;;;;;;;;;;;;;;;;;;;;;;;;;;;;;;;;;;;;;;4,9;9;;;;;;;;;;;;
44109012;20220825;0,0;1;;;20,1;1;525;9;25,5;1;1306;9;21,7;1;22,80;1;;;;;0;9;5,4;1;22,8;1;;;;;;;;;;;;;;;;;;;;;;;;;;;;;;;;;;;;;;;;;;;;;;;;;;;;;;;;;;;;;;;;;;;;;;;;;;;;;;;;;;;;;;;;;;;;;;;2,6;9;;;;;;;;;;;;
44109012;20220826;0,0;1;;;15,3;1;516;9;26,3;1;1543;9;20,6;1;20,80;1;;;;;0;9;11,0;1;20,8;1;;;;;;;;;;;;;;;;;;;;;;;;;;;;;;;;;;;;;;;;;;;;;;;;;;;;;;;;;;;;;;;;;;;;;;;;;;;;;;;;;;;;;;;;;;;;;;;4,1;9;;;;;;;;;;;;
44109012;20220827;0,0;1;;;14,2;1;528;9;28,9;1;1523;9;21,9;1;21,55;1;;;;;0;9;14,7;1;21,6;1;;;;;;;;;;;;;;;;;;;;;;;;;;;;;;;;;;;;;;;;;;;;;;;;;;;;;;;;;;;;;;;;;;;;;;;;;;;;;;;;;;;;;;;;;;;;;;;4,6;9;;;;;;;;;;;;
44109012;20220828;0,0;1;;;16,4;1;541;9;28,3;1;1353;9;22,5;1;22,35;1;;;;;0;9;11,9;1;22,4;1;;;;;;;;;;;;;;;;;;;;;;;;;;;;;;;;;;;;;;;;;;;;;;;;;;;;;;;;;;;;;;;;;;;;;;;;;;;;;;;;;;;;;;;;;;;;;;;5,3;9;;;;;;;;;;;;
44109012;20220829;0,0;1;;;17,0;1;300;9;31,5;1;1524;9;24,0;1;24,25;1;;;;;0;9;14,5;1;24,3;1;;;;;;;;;;;;;;;;;;;;;;;;;;;;;;;;;;;;;;;;;;;;;;;;;;;;;;;;;;;;;;;;;;;;;;;;;;;;;;;;;;;;;;;;;;;;;;;4,5;9;;;;;;;;;;;;
44109012;20220830;0,0;1;;;19,6;1;344;9;33,3;1;1511;9;25,2;1;26,45;1;;;;;0;9;13,7;1;26,5;1;;;;;;;;;;;;;;;;;;;;;;;;;;;;;;;;;;;;;;;;;;;;;;;;;;;;;;;;;;;;;;;;;;;;;;;;;;;;;;;;;;;;;;;;;;;;;;;4,7;9;;;;;;;;;;;;
44109012;20220831;1,0;1;;;18,2;1;519;9;28,9;1;1146;9;22,8;1;23,55;1;;;;;0;9;10,7;1;23,6;1;;;;;;;;;;;;;;;;;;;;;;;;;;;;;;;;;;;;;;;;;;;;;;;;;;;;;;;;;;;;;;;;;;;;;;;;;;;;;;;;;;;;;;;;;;;;;;;3,6;9;;;;;;;;;;;;
44109012;20220901;0,2;1;;;18,4;1;528;9;28,1;1;1542;9;22,4;1;23,25;1;;;;;0;9;9,7;1;23,3;1;;;;;;;;;;;;;;;;;;;;;;;;;;;;;;;;;;;;;;;;;;;;;;;;;;;;;;;;;;;;;;;;;;;;;;;;;;;;;;;;;;;;;;;;;;;;;;;3,5;9;;;;;;;;;;;;
44109012;20220902;3,8;1;;;17,0;1;535;9;25,9;1;1053;9;21,0;1;21,45;1;;;;;0;9;8,9;1;21,5;1;;;;;;;;;;;;;;;;;;;;;;;;;;;;;;;;;;;;;;;;;;;;;;;;;;;;;;;;;;;;;;;;;;;;;;;;;;;;;;;;;;;;;;;;;;;;;;;2,9;9;;;;;;;;;;;;
44109012;20220903;0,0;1;;;17,6;1;559;9;24,9;1;1410;9;20,4;1;21,25;1;;;;;0;9;7,3;1;21,3;1;;;;;;;;;;;;;;;;;;;;;;;;;;;;;;;;;;;;;;;;;;;;;;;;;;;;;;;;;;;;;;;;;;;;;;;;;;;;;;;;;;;;;;;;;;;;;;;3,6;9;;;;;;;;;;;;
44109012;20220904;0,0;1;;;15,0;1;506;9;29,8;1;1518;9;21,5;1;22,40;1;;;;;0;9;14,8;1;22,4;1;;;;;;;;;;;;;;;;;;;;;;;;;;;;;;;;;;;;;;;;;;;;;;;;;;;;;;;;;;;;;;;;;;;;;;;;;;;;;;;;;;;;;;;;;;;;;;;4,0;9;;;;;;;;;;;;
44109012;20220905;0,2;1;;;16,0;1;504;9;30,6;1;1454;9;21,8;1;23,30;1;;;;;0;9;14,6;1;23,3;1;;;;;;;;;;;;;;;;;;;;;;;;;;;;;;;;;;;;;;;;;;;;;;;;;;;;;;;;;;;;;;;;;;;;;;;;;;;;;;;;;;;;;;;;;;;;;;;4,1;9;;;;;;;;;;;;
44109012;20220906;1,0;1;;;17,2;1;23;9;23,3;1;1517;9;19,9;1;20,25;1;;;;;0;9;6,1;1;20,3;1;;;;;;;;;;;;;;;;;;;;;;;;;;;;;;;;;;;;;;;;;;;;;;;;;;;;;;;;;;;;;;;;;;;;;;;;;;;;;;;;;;;;;;;;;;;;;;;2,7;9;;;;;;;;;;;;
44109012;20220907;8,4;1;;;17,0;1;138;9;22,6;1;1218;9;18,6;1;19,80;1;;;;;0;9;5,6;1;19,8;1;;;;;;;;;;;;;;;;;;;;;;;;;;;;;;;;;;;;;;;;;;;;;;;;;;;;;;;;;;;;;;;;;;;;;;;;;;;;;;;;;;;;;;;;;;;;;;;2,3;9;;;;;;;;;;;;
44109012;20220908;1,6;1;;;15,7;1;304;9;22,9;1;1424;9;18,7;1;19,30;1;;;;;0;9;7,2;1;19,3;1;;;;;;;;;;;;;;;;;;;;;;;;;;;;;;;;;;;;;;;;;;;;;;;;;;;;;;;;;;;;;;;;;;;;;;;;;;;;;;;;;;;;;;;;;;;;;;;3,3;9;;;;;;;;;;;;
44109012;20220909;0,0;1;;;15,4;1;536;9;23,3;1;1342;9;18,5;1;19,35;1;;;;;0;9;7,9;1;19,4;1;;;;;;;;;;;;;;;;;;;;;;;;;;;;;;;;;;;;;;;;;;;;;;;;;;;;;;;;;;;;;;;;;;;;;;;;;;;;;;;;;;;;;;;;;;;;;;;3,3;9;;;;;;;;;;;;
44109012;20220910;0,2;1;;;13,8;1;532;9;24,1;1;1201;9;18,9;1;18,95;1;;;;;0;9;10,3;1;19,0;1;;;;;;;;;;;;;;;;;;;;;;;;;;;;;;;;;;;;;;;;;;;;;;;;;;;;;;;;;;;;;;;;;;;;;;;;;;;;;;;;;;;;;;;;;;;;;;;2,9;9;;;;;;;;;;;;
44109012;20220911;0,0;1;;;15,8;1;557;9;28,1;1;1454;9;21,8;1;21,95;1;;;;;0;9;12,3;1;22,0;1;;;;;;;;;;;;;;;;;;;;;;;;;;;;;;;;;;;;;;;;;;;;;;;;;;;;;;;;;;;;;;;;;;;;;;;;;;;;;;;;;;;;;;;;;;;;;;;3,9;9;;;;;;;;;;;;
44109012;20220912;0,0;1;;;15,7;1;529;9;35,8;1;1405;9;25,5;1;25,75;1;;;;;0;9;20,1;1;25,8;1;;;;;;;;;;;;;;;;;;;;;;;;;;;;;;;;;;;;;;;;;;;;;;;;;;;;;;;;;;;;;;;;;;;;;;;;;;;;;;;;;;;;;;;;;;;;;;;4,9;9;;;;;;;;;;;;
44109012;20220913;0,0;1;;;21,7;1;605;9;31,9;1;1229;9;25,1;1;26,80;1;;;;;0;9;10,2;1;26,8;1;;;;;;;;;;;;;;;;;;;;;;;;;;;;;;;;;;;;;;;;;;;;;;;;;;;;;;;;;;;;;;;;;;;;;;;;;;;;;;;;;;;;;;;;;;;;;;;3,6;9;;;;;;;;;;;;
44109012;20220914;0,0;1;;;18,5;1;552;9;27,8;1;1428;9;21,8;1;23,15;1;;;;;0;9;9,3;1;23,2;1;;;;;;;;;;;;;;;;;;;;;;;;;;;;;;;;;;;;;;;;;;;;;;;;;;;;;;;;;;;;;;;;;;;;;;;;;;;;;;;;;;;;;;;;;;;;;;;3,0;9;;;;;;;;;;;;
44109012;20220915;0,0;1;;;17,7;1;612;9;25,3;1;1432;9;20,1;1;21,50;1;;;;;0;9;7,6;1;21,5;1;;;;;;;;;;;;;;;;;;;;;;;;;;;;;;;;;;;;;;;;;;;;;;;;;;;;;;;;;;;;;;;;;;;;;;;;;;;;;;;;;;;;;;;;;;;;;;;3,2;9;;;;;;;;;;;;
44109012;20220916;0,0;1;;;12,2;1;424;9;20,6;1;1500;9;15,8;1;16,40;1;;;;;0;9;8,4;1;16,4;1;;;;;;;;;;;;;;;;;;;;;;;;;;;;;;;;;;;;;;;;;;;;;;;;;;;;;;;;;;;;;;;;;;;;;;;;;;;;;;;;;;;;;;;;;;;;;;;2,9;9;;;;;;;;;;;;
44109012;20220917;0,0;1;;;8,3;1;532;9;20,8;1;1507;9;14,5;1;14,55;1;;;;;0;9;12,5;1;14,6;1;;;;;;;;;;;;;;;;;;;;;;;;;;;;;;;;;;;;;;;;;;;;;;;;;;;;;;;;;;;;;;;;;;;;;;;;;;;;;;;;;;;;;;;;;;;;;;;3,0;9;;;;;;;;;;;;
44109012;20220918;0,0;1;;;7,8;1;602;9;21,8;1;1525;9;14,8;1;14,80;1;;;;;0;9;14,0;1;14,8;1;;;;;;;;;;;;;;;;;;;;;;;;;;;;;;;;;;;;;;;;;;;;;;;;;;;;;;;;;;;;;;;;;;;;;;;;;;;;;;;;;;;;;;;;;;;;;;;3,0;9;;;;;;;;;;;;
44109012;20220919;0,2;1;;;9,2;1;551;9;22,3;1;1449;9;15,8;1;15,75;1;;;;;0;9;13,1;1;15,8;1;;;;;;;;;;;;;;;;;;;;;;;;;;;;;;;;;;;;;;;;;;;;;;;;;;;;;;;;;;;;;;;;;;;;;;;;;;;;;;;;;;;;;;;;;;;;;;;3,3;9;;;;;;;;;;;;
44109012;20220920;0,0;1;;;9,6;1;604;9;22,1;1;1419;9;15,7;1;15,85;1;;;;;0;9;12,5;1;15,9;1;;;;;;;;;;;;;;;;;;;;;;;;;;;;;;;;;;;;;;;;;;;;;;;;;;;;;;;;;;;;;;;;;;;;;;;;;;;;;;;;;;;;;;;;;;;;;;;3,3;9;;;;;;;;;;;;
44109012;20220921;0,0;1;;;10,3;1;535;9;22,7;1;1525;9;16,2;1;16,50;1;;;;;0;9;12,4;1;16,5;1;;;;;;;;;;;;;;;;;;;;;;;;;;;;;;;;;;;;;;;;;;;;;;;;;;;;;;;;;;;;;;;;;;;;;;;;;;;;;;;;;;;;;;;;;;;;;;;3,2;9;;;;;;;;;;;;
44109012;20220922;0,0;1;;;9,0;1;511;9;23,6;1;1517;9;16,3;1;16,30;1;;;;;0;9;14,6;1;16,3;1;;;;;;;;;;;;;;;;;;;;;;;;;;;;;;;;;;;;;;;;;;;;;;;;;;;;;;;;;;;;;;;;;;;;;;;;;;;;;;;;;;;;;;;;;;;;;;;2,6;9;;;;;;;;;;;;
44109012;20220923;0,2;1;;;12,3;1;210;9;20,2;1;1347;9;15,5;1;16,25;1;;;;;0;9;7,9;1;16,3;1;;;;;;;;;;;;;;;;;;;;;;;;;;;;;;;;;;;;;;;;;;;;;;;;;;;;;;;;;;;;;;;;;;;;;;;;;;;;;;;;;;;;;;;;;;;;;;;1,3;9;;;;;;;;;;;;
44109012;20220924;1,8;1;;;13,0;1;555;9;20,2;1;1209;9;15,5;1;16,60;1;;;;;0;9;7,2;1;16,6;1;;;;;;;;;;;;;;;;;;;;;;;;;;;;;;;;;;;;;;;;;;;;;;;;;;;;;;;;;;;;;;;;;;;;;;;;;;;;;;;;;;;;;;;;;;;;;;;2,2;9;;;;;;;;;;;;
44109012;20220925;0,2;1;;;12,3;1;324;9;21,4;1;1454;9;15,1;1;16,85;1;;;;;0;9;9,1;1;16,9;1;;;;;;;;;;;;;;;;;;;;;;;;;;;;;;;;;;;;;;;;;;;;;;;;;;;;;;;;;;;;;;;;;;;;;;;;;;;;;;;;;;;;;;;;;;;;;;;2,8;9;;;;;;;;;;;;
44109012;20220926;4,2;1;;;10,0;1;48;9;17,4;1;932;9;13,8;1;13,70;1;;;;;0;9;7,4;1;13,7;1;;;;;;;;;;;;;;;;;;;;;;;;;;;;;;;;;;;;;;;;;;;;;;;;;;;;;;;;;;;;;;;;;;;;;;;;;;;;;;;;;;;;;;;;;;;;;;;1,6;9;;;;;;;;;;;;
44109012;20220927;4,8;1;;;11,5;1;152;9;18,4;1;1250;9;15,3;1;14,95;1;;;;;0;9;6,9;1;15,0;1;;;;;;;;;;;;;;;;;;;;;;;;;;;;;;;;;;;;;;;;;;;;;;;;;;;;;;;;;;;;;;;;;;;;;;;;;;;;;;;;;;;;;;;;;;;;;;;2,3;9;;;;;;;;;;;;
44109012;20220928;1,4;1;;;12,7;1;626;9;17,6;1;1101;9;14,6;1;15,15;1;;;;;0;9;4,9;1;15,2;1;;;;;;;;;;;;;;;;;;;;;;;;;;;;;;;;;;;;;;;;;;;;;;;;;;;;;;;;;;;;;;;;;;;;;;;;;;;;;;;;;;;;;;;;;;;;;;;1,6;9;;;;;;;;;;;;
44109012;20220929;0,4;1;;;9,0;1;505;9;17,7;1;1158;9;12,5;1;13,35;1;;;;;0;9;8,7;1;13,4;1;;;;;;;;;;;;;;;;;;;;;;;;;;;;;;;;;;;;;;;;;;;;;;;;;;;;;;;;;;;;;;;;;;;;;;;;;;;;;;;;;;;;;;;;;;;;;;;1,7;9;;;;;;;;;;;;
44109012;20220930;7,2;1;;;6,2;1;551;9;19,2;1;1314;9;13,7;1;12,70;1;;;;;0;9;13,0;1;12,7;1;;;;;;;;;;;;;;;;;;;;;;;;;;;;;;;;;;;;;;;;;;;;;;;;;;;;;;;;;;;;;;;;;;;;;;;;;;;;;;;;;;;;;;;;;;;;;;;2,2;9;;;;;;;;;;;;
44109012;20221001;3,2;1;;;15,0;1;2027;9;19,6;1;1155;9;17,8;1;17,30;1;;;;;0;9;4,6;1;17,3;1;;;;;;;;;;;;;;;;;;;;;;;;;;;;;;;;;;;;;;;;;;;;;;;;;;;;;;;;;;;;;;;;;;;;;;;;;;;;;;;;;;;;;;;;;;;;;;;1,3;9;;;;;;;;;;;;
44109012;20221002;0,6;1;;;16,9;1;416;9;21,8;1;1310;9;17,8;1;19,35;1;;;;;0;9;4,9;1;19,4;1;;;;;;;;;;;;;;;;;;;;;;;;;;;;;;;;;;;;;;;;;;;;;;;;;;;;;;;;;;;;;;;;;;;;;;;;;;;;;;;;;;;;;;;;;;;;;;;2,2;9;;;;;;;;;;;;
44109012;20221003;0,4;1;;;13,1;1;446;9;20,7;1;1441;9;16,4;1;16,90;1;;;;;0;9;7,6;1;16,9;1;;;;;;;;;;;;;;;;;;;;;;;;;;;;;;;;;;;;;;;;;;;;;;;;;;;;;;;;;;;;;;;;;;;;;;;;;;;;;;;;;;;;;;;;;;;;;;;1,4;9;;;;;;;;;;;;
44109012;20221004;0,0;1;;;11,8;1;406;9;20,0;1;1120;9;15,7;1;15,90;1;;;;;0;9;8,2;1;15,9;1;;;;;;;;;;;;;;;;;;;;;;;;;;;;;;;;;;;;;;;;;;;;;;;;;;;;;;;;;;;;;;;;;;;;;;;;;;;;;;;;;;;;;;;;;;;;;;;1,3;9;;;;;;;;;;;;
44109012;20221005;0,0;1;;;12,8;1;51;9;21,3;1;1240;9;16,8;1;17,05;1;;;;;0;9;8,5;1;17,1;1;;;;;;;;;;;;;;;;;;;;;;;;;;;;;;;;;;;;;;;;;;;;;;;;;;;;;;;;;;;;;;;;;;;;;;;;;;;;;;;;;;;;;;;;;;;;;;;2,0;9;;;;;;;;;;;;
44109012;20221006;0,2;1;;;7,5;1;503;9;20,7;1;1412;9;13,2;1;14,10;1;;;;;0;9;13,2;1;14,1;1;;;;;;;;;;;;;;;;;;;;;;;;;;;;;;;;;;;;;;;;;;;;;;;;;;;;;;;;;;;;;;;;;;;;;;;;;;;;;;;;;;;;;;;;;;;;;;;1,7;9;;;;;;;;;;;;
44109012;20221007;0,2;1;;;6,7;1;501;9;20,8;1;1432;9;13,4;1;13,75;1;;;;;0;9;14,1;1;13,8;1;;;;;;;;;;;;;;;;;;;;;;;;;;;;;;;;;;;;;;;;;;;;;;;;;;;;;;;;;;;;;;;;;;;;;;;;;;;;;;;;;;;;;;;;;;;;;;;1,7;9;;;;;;;;;;;;
44109012;20221008;0,0;1;;;7,6;1;317;9;20,8;1;1301;9;13,4;1;14,20;1;;;;;0;9;13,2;1;14,2;1;;;;;;;;;;;;;;;;;;;;;;;;;;;;;;;;;;;;;;;;;;;;;;;;;;;;;;;;;;;;;;;;;;;;;;;;;;;;;;;;;;;;;;;;;;;;;;;1,8;9;;;;;;;;;;;;
44109012;20221009;0,2;1;;;7,4;1;626;9;23,5;1;1501;9;14,9;1;15,45;1;;;;;0;9;16,1;1;15,5;1;;;;;;;;;;;;;;;;;;;;;;;;;;;;;;;;;;;;;;;;;;;;;;;;;;;;;;;;;;;;;;;;;;;;;;;;;;;;;;;;;;;;;;;;;;;;;;;2,2;9;;;;;;;;;;;;
44109012;20221010;0,0;1;;;13,6;1;2121;9;22,9;1;1159;9;18,1;1;18,25;1;;;;;0;9;9,3;1;18,3;1;;;;;;;;;;;;;;;;;;;;;;;;;;;;;;;;;;;;;;;;;;;;;;;;;;;;;;;;;;;;;;;;;;;;;;;;;;;;;;;;;;;;;;;;;;;;;;;1,7;9;;;;;;;;;;;;
44109012;20221011;0,0;1;;;13,8;1;812;9;21,1;1;1519;9;15,7;1;17,45;1;;;;;0;9;7,3;1;17,5;1;;;;;;;;;;;;;;;;;;;;;;;;;;;;;;;;;;;;;;;;;;;;;;;;;;;;;;;;;;;;;;;;;;;;;;;;;;;;;;;;;;;;;;;;;;;;;;;1,9;9;;;;;;;;;;;;
44109012;20221012;0,6;1;;;8,3;1;612;9;22,1;1;1334;9;14,8;1;15,20;1;;;;;0;9;13,8;1;15,2;1;;;;;;;;;;;;;;;;;;;;;;;;;;;;;;;;;;;;;;;;;;;;;;;;;;;;;;;;;;;;;;;;;;;;;;;;;;;;;;;;;;;;;;;;;;;;;;;1,6;9;;;;;;;;;;;;
44109012;20221013;7,4;1;;;13,6;1;415;9;18,3;1;1520;9;15,7;1;15,95;1;;;;;0;9;4,7;1;16,0;1;;;;;;;;;;;;;;;;;;;;;;;;;;;;;;;;;;;;;;;;;;;;;;;;;;;;;;;;;;;;;;;;;;;;;;;;;;;;;;;;;;;;;;;;;;;;;;;0,8;9;;;;;;;;;;;;
44109012;20221014;13,9;1;;;15,0;1;224;9;20,5;1;1250;9;17,3;1;17,75;1;;;;;0;9;5,5;1;17,8;1;;;;;;;;;;;;;;;;;;;;;;;;;;;;;;;;;;;;;;;;;;;;;;;;;;;;;;;;;;;;;;;;;;;;;;;;;;;;;;;;;;;;;;;;;;;;;;;1,2;9;;;;;;;;;;;;
44109012;20221015;0,4;1;;;14,8;1;647;9;20,1;1;1346;9;16,7;1;17,45;1;;;;;0;9;5,3;1;17,5;1;;;;;;;;;;;;;;;;;;;;;;;;;;;;;;;;;;;;;;;;;;;;;;;;;;;;;;;;;;;;;;;;;;;;;;;;;;;;;;;;;;;;;;;;;;;;;;;1,8;9;;;;;;;;;;;;
44109012;20221016;0,6;1;;;14,2;1;227;9;24,0;1;1410;9;17,8;1;19,10;1;;;;;0;9;9,8;1;19,1;1;;;;;;;;;;;;;;;;;;;;;;;;;;;;;;;;;;;;;;;;;;;;;;;;;;;;;;;;;;;;;;;;;;;;;;;;;;;;;;;;;;;;;;;;;;;;;;;1,9;9;;;;;;;;;;;;
44109012;20221017;0,4;1;;;14,3;1;46;9;21,2;1;1146;9;17,4;1;17,75;1;;;;;0;9;6,9;1;17,8;1;;;;;;;;;;;;;;;;;;;;;;;;;;;;;;;;;;;;;;;;;;;;;;;;;;;;;;;;;;;;;;;;;;;;;;;;;;;;;;;;;;;;;;;;;;;;;;;1,1;9;;;;;;;;;;;;
44109012;20221018;0,2;1;;;14,8;1;250;9;21,7;1;1310;9;18,2;1;18,25;1;;;;;0;9;6,9;1;18,3;1;;;;;;;;;;;;;;;;;;;;;;;;;;;;;;;;;;;;;;;;;;;;;;;;;;;;;;;;;;;;;;;;;;;;;;;;;;;;;;;;;;;;;;;;;;;;;;;1,3;9;;;;;;;;;;;;
44109012;20221019;4,6;1;;;15,9;1;641;9;26,0;1;1301;9;19,4;1;20,95;1;;;;;0;9;10,1;1;21,0;1;;;;;;;;;;;;;;;;;;;;;;;;;;;;;;;;;;;;;;;;;;;;;;;;;;;;;;;;;;;;;;;;;;;;;;;;;;;;;;;;;;;;;;;;;;;;;;;2,2;9;;;;;;;;;;;;
44109012;20221020;3,2;1;;;13,4;1;601;9;23,1;1;1327;9;18,0;1;18,25;1;;;;;0;9;9,7;1;18,3;1;;;;;;;;;;;;;;;;;;;;;;;;;;;;;;;;;;;;;;;;;;;;;;;;;;;;;;;;;;;;;;;;;;;;;;;;;;;;;;;;;;;;;;;;;;;;;;;1,8;9;;;;;;;;;;;;
44109012;20221021;1,4;1;;;15,8;1;446;9;22,4;1;1420;9;18,1;1;19,10;1;;;;;0;9;6,6;1;19,1;1;;;;;;;;;;;;;;;;;;;;;;;;;;;;;;;;;;;;;;;;;;;;;;;;;;;;;;;;;;;;;;;;;;;;;;;;;;;;;;;;;;;;;;;;;;;;;;;2,3;9;;;;;;;;;;;;
44109012;20221022;0,0;1;;;13,3;1;700;9;21,8;1;1118;9;18,1;1;17,55;1;;;;;0;9;8,5;1;17,6;1;;;;;;;;;;;;;;;;;;;;;;;;;;;;;;;;;;;;;;;;;;;;;;;;;;;;;;;;;;;;;;;;;;;;;;;;;;;;;;;;;;;;;;;;;;;;;;;1,6;9;;;;;;;;;;;;
44109012;20221023;3,2;1;;;16,2;1;1726;9;23,5;1;1057;9;18,5;1;19,85;1;;;;;0;9;7,3;1;19,9;1;;;;;;;;;;;;;;;;;;;;;;;;;;;;;;;;;;;;;;;;;;;;;;;;;;;;;;;;;;;;;;;;;;;;;;;;;;;;;;;;;;;;;;;;;;;;;;;2,7;9;;;;;;;;;;;;
44109012;20221024;3,6;1;;;15,8;1;1749;9;19,9;1;1255;9;16,5;1;17,85;1;;;;;0;9;4,1;1;17,9;1;;;;;;;;;;;;;;;;;;;;;;;;;;;;;;;;;;;;;;;;;;;;;;;;;;;;;;;;;;;;;;;;;;;;;;;;;;;;;;;;;;;;;;;;;;;;;;;1,5;9;;;;;;;;;;;;
44109012;20221025;0,2;1;;;11,7;1;355;9;19,9;1;1316;9;16,2;1;15,80;1;;;;;0;9;8,2;1;15,8;1;;;;;;;;;;;;;;;;;;;;;;;;;;;;;;;;;;;;;;;;;;;;;;;;;;;;;;;;;;;;;;;;;;;;;;;;;;;;;;;;;;;;;;;;;;;;;;;1,2;9;;;;;;;;;;;;
44109012;20221026;0,2;1;;;14,0;1;455;9;23,5;1;1430;9;17,3;1;18,75;1;;;;;0;9;9,5;1;18,8;1;;;;;;;;;;;;;;;;;;;;;;;;;;;;;;;;;;;;;;;;;;;;;;;;;;;;;;;;;;;;;;;;;;;;;;;;;;;;;;;;;;;;;;;;;;;;;;;1,6;9;;;;;;;;;;;;
44109012;20221027;0,0;1;;;13,2;1;2258;9;24,5;1;1333;9;18,4;1;18,85;1;;;;;0;9;11,3;1;18,9;1;;;;;;;;;;;;;;;;;;;;;;;;;;;;;;;;;;;;;;;;;;;;;;;;;;;;;;;;;;;;;;;;;;;;;;;;;;;;;;;;;;;;;;;;;;;;;;;1,8;9;;;;;;;;;;;;
44109012;20221028;0,0;1;;;14,1;1;2335;9;21,4;1;1324;9;18,7;1;17,75;1;;;;;0;9;7,3;1;17,8;1;;;;;;;;;;;;;;;;;;;;;;;;;;;;;;;;;;;;;;;;;;;;;;;;;;;;;;;;;;;;;;;;;;;;;;;;;;;;;;;;;;;;;;;;;;;;;;;1,3;9;;;;;;;;;;;;
44109012;20221029;1,6;1;;;16,2;1;616;9;24,2;1;1043;9;19,2;1;20,20;1;;;;;0;9;8,0;1;20,2;1;;;;;;;;;;;;;;;;;;;;;;;;;;;;;;;;;;;;;;;;;;;;;;;;;;;;;;;;;;;;;;;;;;;;;;;;;;;;;;;;;;;;;;;;;;;;;;;1,7;9;;;;;;;;;;;;
44109012;20221030;2,0;1;;;14,1;1;729;9;19,3;1;1403;9;15,0;1;16,70;1;;;;;0;9;5,2;1;16,7;1;;;;;;;;;;;;;;;;;;;;;;;;;;;;;;;;;;;;;;;;;;;;;;;;;;;;;;;;;;;;;;;;;;;;;;;;;;;;;;;;;;;;;;;;;;;;;;;0,9;9;;;;;;;;;;;;
44109012;20221031;3,2;1;;;10,2;1;218;9;19,4;1;1249;9;14,7;1;14,80;1;;;;;0;9;9,2;1;14,8;1;;;;;;;;;;;;;;;;;;;;;;;;;;;;;;;;;;;;;;;;;;;;;;;;;;;;;;;;;;;;;;;;;;;;;;;;;;;;;;;;;;;;;;;;;;;;;;;1,1;9;;;;;;;;;;;;
44109012;20221101;7,1;1;;;10,7;1;543;9;18,6;1;1244;9;14,2;1;14,65;1;;;;;0;9;7,9;1;14,7;1;;;;;;;;;;;;;;;;;;;;;;;;;;;;;;;;;;;;;;;;;;;;;;;;;;;;;;;;;;;;;;;;;;;;;;;;;;;;;;;;;;;;;;;;;;;;;;;1,4;9;;;;;;;;;;;;
44109012;20221102;0,0;1;;;7,4;1;558;9;18,7;1;1347;9;13,5;1;13,05;1;;;;;0;9;11,3;1;13,1;1;;;;;;;;;;;;;;;;;;;;;;;;;;;;;;;;;;;;;;;;;;;;;;;;;;;;;;;;;;;;;;;;;;;;;;;;;;;;;;;;;;;;;;;;;;;;;;;1,2;9;;;;;;;;;;;;
44109012;20221103;21,9;1;;;11,6;1;1047;9;15,4;1;819;9;13,0;1;13,50;1;;;;;0;9;3,8;1;13,5;1;;;;;;;;;;;;;;;;;;;;;;;;;;;;;;;;;;;;;;;;;;;;;;;;;;;;;;;;;;;;;;;;;;;;;;;;;;;;;;;;;;;;;;;;;;;;;;;1,2;9;;;;;;;;;;;;
44109012;20221104;0,0;1;;;9,5;1;58;9;16,0;1;1316;9;11,5;1;12,75;1;;;;;0;9;6,5;1;12,8;1;;;;;;;;;;;;;;;;;;;;;;;;;;;;;;;;;;;;;;;;;;;;;;;;;;;;;;;;;;;;;;;;;;;;;;;;;;;;;;;;;;;;;;;;;;;;;;;1,4;9;;;;;;;;;;;;
44109012;20221105;2,0;1;;;6,7;1;11;9;15,5;1;1235;9;11,7;1;11,10;1;;;;;0;9;8,8;1;11,1;1;;;;;;;;;;;;;;;;;;;;;;;;;;;;;;;;;;;;;;;;;;;;;;;;;;;;;;;;;;;;;;;;;;;;;;;;;;;;;;;;;;;;;;;;;;;;;;;0,8;9;;;;;;;;;;;;
44109012;20221106;6,6;1;;;11,6;1;711;9;17,6;1;1332;9;13,6;1;14,60;1;;;;;0;9;6,0;1;14,6;1;;;;;;;;;;;;;;;;;;;;;;;;;;;;;;;;;;;;;;;;;;;;;;;;;;;;;;;;;;;;;;;;;;;;;;;;;;;;;;;;;;;;;;;;;;;;;;;1,1;9;;;;;;;;;;;;
44109012;20221107;0,0;1;;;12,2;1;2120;9;18,7;1;1234;9;14,9;1;15,45;1;;;;;0;9;6,5;1;15,5;1;;;;;;;;;;;;;;;;;;;;;;;;;;;;;;;;;;;;;;;;;;;;;;;;;;;;;;;;;;;;;;;;;;;;;;;;;;;;;;;;;;;;;;;;;;;;;;;1,4;9;;;;;;;;;;;;
44109012;20221108;12,5;1;;;11,9;1;2132;9;17,3;1;1453;9;14,9;1;14,60;1;;;;;0;9;5,4;1;14,6;1;;;;;;;;;;;;;;;;;;;;;;;;;;;;;;;;;;;;;;;;;;;;;;;;;;;;;;;;;;;;;;;;;;;;;;;;;;;;;;;;;;;;;;;;;;;;;;;1,1;9;;;;;;;;;;;;
44109012;20221109;0,4;1;;;9,7;1;640;9;17,7;1;1248;9;12,5;1;13,70;1;;;;;0;9;8,0;1;13,7;1;;;;;;;;;;;;;;;;;;;;;;;;;;;;;;;;;;;;;;;;;;;;;;;;;;;;;;;;;;;;;;;;;;;;;;;;;;;;;;;;;;;;;;;;;;;;;;;0,8;9;;;;;;;;;;;;
44109012;20221110;0,2;1;;;5,9;1;615;9;18,0;1;1309;9;11,3;1;11,95;1;;;;;0;9;12,1;1;12,0;1;;;;;;;;;;;;;;;;;;;;;;;;;;;;;;;;;;;;;;;;;;;;;;;;;;;;;;;;;;;;;;;;;;;;;;;;;;;;;;;;;;;;;;;;;;;;;;;0,8;9;;;;;;;;;;;;
44109012;20221111;0,2;1;;;5,7;1;729;9;14,5;1;1426;9;9,4;1;10,10;1;;;;;0;9;8,8;1;10,1;1;;;;;;;;;;;;;;;;;;;;;;;;;;;;;;;;;;;;;;;;;;;;;;;;;;;;;;;;;;;;;;;;;;;;;;;;;;;;;;;;;;;;;;;;;;;;;;;0,5;9;;;;;;;;;;;;
44109012;20221112;0,4;1;;;8,4;1;337;9;20,5;1;1410;9;13,6;1;14,45;1;;;;;0;9;12,1;1;14,5;1;;;;;;;;;;;;;;;;;;;;;;;;;;;;;;;;;;;;;;;;;;;;;;;;;;;;;;;;;;;;;;;;;;;;;;;;;;;;;;;;;;;;;;;;;;;;;;;0,8;9;;;;;;;;;;;;
44109012;20221113;0,2;1;;;8,2;1;629;9;21,3;1;1336;9;13,0;1;14,75;1;;;;;0;9;13,1;1;14,8;1;;;;;;;;;;;;;;;;;;;;;;;;;;;;;;;;;;;;;;;;;;;;;;;;;;;;;;;;;;;;;;;;;;;;;;;;;;;;;;;;;;;;;;;;;;;;;;;1,0;9;;;;;;;;;;;;
44109012;20221114;5,6;1;;;9,3;1;23;9;15,1;1;1341;9;12,3;1;12,20;1;;;;;0;9;5,8;1;12,2;1;;;;;;;;;;;;;;;;;;;;;;;;;;;;;;;;;;;;;;;;;;;;;;;;;;;;;;;;;;;;;;;;;;;;;;;;;;;;;;;;;;;;;;;;;;;;;;;0,8;9;;;;;;;;;;;;
44109012;20221115;12,0;1;;;11,5;1;1803;9;17,2;1;1305;9;12,8;1;14,35;1;;;;;0;9;5,7;1;14,4;1;;;;;;;;;;;;;;;;;;;;;;;;;;;;;;;;;;;;;;;;;;;;;;;;;;;;;;;;;;;;;;;;;;;;;;;;;;;;;;;;;;;;;;;;;;;;;;;1,0;9;;;;;;;;;;;;
44109012;20221116;21,7;1;;;9,0;1;2202;9;14,9;1;2057;9;12,8;1;11,95;1;;;;;0;9;5,9;1;12,0;1;;;;;;;;;;;;;;;;;;;;;;;;;;;;;;;;;;;;;;;;;;;;;;;;;;;;;;;;;;;;;;;;;;;;;;;;;;;;;;;;;;;;;;;;;;;;;;;1,2;9;;;;;;;;;;;;
44109012;20221117;12,1;1;;;10,2;1;1741;9;16,5;1;1110;9;12,0;1;13,35;1;;;;;0;9;6,3;1;13,4;1;;;;;;;;;;;;;;;;;;;;;;;;;;;;;;;;;;;;;;;;;;;;;;;;;;;;;;;;;;;;;;;;;;;;;;;;;;;;;;;;;;;;;;;;;;;;;;;1,0;9;;;;;;;;;;;;
44109012;20221118;0,2;1;;;8,0;1;658;9;14,2;1;1317;9;9,4;1;11,10;1;;;;;0;9;6,2;1;11,1;1;;;;;;;;;;;;;;;;;;;;;;;;;;;;;;;;;;;;;;;;;;;;;;;;;;;;;;;;;;;;;;;;;;;;;;;;;;;;;;;;;;;;;;;;;;;;;;;0,6;9;;;;;;;;;;;;
44109012;20221119;1,0;1;;;2,1;1;719;9;13,2;1;1428;9;7,1;1;7,65;1;;;;;0;9;11,1;1;7,7;1;;;;;;;;;;;;;;;;;;;;;;;;;;;;;;;;;;;;;;;;;;;;;;;;;;;;;;;;;;;;;;;;;;;;;;;;;;;;;;;;;;;;;;;;;;;;;;;0,4;9;;;;;;;;;;;;
44109012;20221120;1,2;1;;;6,2;1;2203;9;14,1;1;1304;9;10,5;1;10,15;1;;;;;0;9;7,9;1;10,2;1;;;;;;;;;;;;;;;;;;;;;;;;;;;;;;;;;;;;;;;;;;;;;;;;;;;;;;;;;;;;;;;;;;;;;;;;;;;;;;;;;;;;;;;;;;;;;;;0,8;9;;;;;;;;;;;;
44109012;20221121;8,8;1;;;7,9;1;1755;9;14,4;1;1238;9;9,8;1;11,15;1;;;;;0;9;6,5;1;11,2;1;;;;;;;;;;;;;;;;;;;;;;;;;;;;;;;;;;;;;;;;;;;;;;;;;;;;;;;;;;;;;;;;;;;;;;;;;;;;;;;;;;;;;;;;;;;;;;;1,1;9;;;;;;;;;;;;
44109012;20221122;1,8;1;;;6,6;1;1953;9;14,0;1;1230;9;10,2;1;10,30;1;;;;;0;9;7,4;1;10,3;1;;;;;;;;;;;;;;;;;;;;;;;;;;;;;;;;;;;;;;;;;;;;;;;;;;;;;;;;;;;;;;;;;;;;;;;;;;;;;;;;;;;;;;;;;;;;;;;1,1;9;;;;;;;;;;;;
44109012;20221123;2,2;1;;;9,3;1;1903;9;15,5;1;1212;9;12,5;1;12,40;1;;;;;0;9;6,2;1;12,4;1;;;;;;;;;;;;;;;;;;;;;;;;;;;;;;;;;;;;;;;;;;;;;;;;;;;;;;;;;;;;;;;;;;;;;;;;;;;;;;;;;;;;;;;;;;;;;;;1,2;9;;;;;;;;;;;;
44109012;20221124;10,2;1;;;8,8;1;342;9;15,2;1;1417;9;11,7;1;12,00;1;;;;;0;9;6,4;1;12,0;1;;;;;;;;;;;;;;;;;;;;;;;;;;;;;;;;;;;;;;;;;;;;;;;;;;;;;;;;;;;;;;;;;;;;;;;;;;;;;;;;;;;;;;;;;;;;;;;0,6;9;;;;;;;;;;;;
44109012;20221125;0,2;1;;;6,0;1;602;9;15,5;1;1240;9;9,6;1;10,75;1;;;;;0;9;9,5;1;10,8;1;;;;;;;;;;;;;;;;;;;;;;;;;;;;;;;;;;;;;;;;;;;;;;;;;;;;;;;;;;;;;;;;;;;;;;;;;;;;;;;;;;;;;;;;;;;;;;;0,4;9;;;;;;;;;;;;
44109012;20221126;0,8;1;;;4,9;1;444;9;12,8;1;1254;9;9,4;1;8,85;1;;;;;0;9;7,9;1;8,9;1;;;;;;;;;;;;;;;;;;;;;;;;;;;;;;;;;;;;;;;;;;;;;;;;;;;;;;;;;;;;;;;;;;;;;;;;;;;;;;;;;;;;;;;;;;;;;;;0,5;9;;;;;;;;;;;;
44109012;20221127;14,3;1;;;9,8;1;202;9;11,8;1;2158;9;10,9;1;10,80;1;;;;;0;9;2,0;1;10,8;1;;;;;;;;;;;;;;;;;;;;;;;;;;;;;;;;;;;;;;;;;;;;;;;;;;;;;;;;;;;;;;;;;;;;;;;;;;;;;;;;;;;;;;;;;;;;;;;0,5;9;;;;;;;;;;;;
44109012;20221128;7,6;1;;;8,0;1;600;9;12,0;1;1502;9;8,9;1;10,00;1;;;;;0;9;4,0;1;10,0;1;;;;;;;;;;;;;;;;;;;;;;;;;;;;;;;;;;;;;;;;;;;;;;;;;;;;;;;;;;;;;;;;;;;;;;;;;;;;;;;;;;;;;;;;;;;;;;;0,4;9;;;;;;;;;;;;
44109012;20221129;0,2;1;;;2,5;1;629;9;13,1;1;1352;9;6,8;1;7,80;1;;;;;0;9;10,6;1;7,8;1;;;;;;;;;;;;;;;;;;;;;;;;;;;;;;;;;;;;;;;;;;;;;;;;;;;;;;;;;;;;;;;;;;;;;;;;;;;;;;;;;;;;;;;;;;;;;;;0,2;9;;;;;;;;;;;;
44109012;20221130;0,0;1;;;3,8;1;2355;9;8,8;1;1323;9;6,3;1;6,30;1;;;;;0;9;5,0;1;6,3;1;;;;;;;;;;;;;;;;;;;;;;;;;;;;;;;;;;;;;;;;;;;;;;;;;;;;;;;;;;;;;;;;;;;;;;;;;;;;;;;;;;;;;;;;;;;;;;;0,4;9;;;;;;;;;;;;
44109012;20221201;0,0;1;;;3,2;1;744;9;8,0;1;1210;9;5,1;1;5,60;1;;;;;0;9;4,8;1;5,6;1;;;;;;;;;;;;;;;;;;;;;;;;;;;;;;;;;;;;;;;;;;;;;;;;;;;;;;;;;;;;;;;;;;;;;;;;;;;;;;;;;;;;;;;;;;;;;;;0,5;9;;;;;;;;;;;;
44109012;20221202;0,0;1;;;1,7;1;105;9;6,2;1;1416;9;3,9;1;3,95;1;;;;;0;9;4,5;1;4,0;1;;;;;;;;;;;;;;;;;;;;;;;;;;;;;;;;;;;;;;;;;;;;;;;;;;;;;;;;;;;;;;;;;;;;;;;;;;;;;;;;;;;;;;;;;;;;;;;0,3;9;;;;;;;;;;;;
44109012;20221203;0,0;1;;;3,1;1;45;9;4,8;1;1237;9;4,1;1;3,95;1;;;;;0;9;1,7;1;4,0;1;;;;;;;;;;;;;;;;;;;;;;;;;;;;;;;;;;;;;;;;;;;;;;;;;;;;;;;;;;;;;;;;;;;;;;;;;;;;;;;;;;;;;;;;;;;;;;;0,6;9;;;;;;;;;;;;
44109012;20221204;0,0;1;;;2,2;1;829;9;4,4;1;2210;9;3,7;1;3,30;1;;;;;0;9;2,2;1;3,3;1;;;;;;;;;;;;;;;;;;;;;;;;;;;;;;;;;;;;;;;;;;;;;;;;;;;;;;;;;;;;;;;;;;;;;;;;;;;;;;;;;;;;;;;;;;;;;;;0,4;9;;;;;;;;;;;;
44109012;20221205;0,0;1;;;1,1;1;506;9;6,1;1;1228;9;3,9;1;3,60;1;;;;;0;9;5,0;1;3,6;1;;;;;;;;;;;;;;;;;;;;;;;;;;;;;;;;;;;;;;;;;;;;;;;;;;;;;;;;;;;;;;;;;;;;;;;;;;;;;;;;;;;;;;;;;;;;;;;0,3;9;;;;;;;;;;;;
44109012;20221206;0,0;1;;;4,0;1;938;9;5,9;1;1410;9;5,2;1;4,95;1;;;;;0;9;1,9;1;5,0;1;;;;;;;;;;;;;;;;;;;;;;;;;;;;;;;;;;;;;;;;;;;;;;;;;;;;;;;;;;;;;;;;;;;;;;;;;;;;;;;;;;;;;;;;;;;;;;;0,7;9;;;;;;;;;;;;
44109012;20221207;0,0;1;;;2,5;1;807;9;7,1;1;1341;9;4,0;1;4,80;1;;;;;0;9;4,6;1;4,8;1;;;;;;;;;;;;;;;;;;;;;;;;;;;;;;;;;;;;;;;;;;;;;;;;;;;;;;;;;;;;;;;;;;;;;;;;;;;;;;;;;;;;;;;;;;;;;;;0,4;9;;;;;;;;;;;;
44109012;20221208;0,4;1;;;-1,0;1;320;9;2,9;1;1240;9;1,4;1;0,95;1;;;;;208;9;3,9;1;1,0;1;;;;;;;;;;;;;;;;;;;;;;;;;;;;;;;;;;;;;;;;;;;;;;;;;;;;;;;;;;;;;;;;;;;;;;;;;;;;;;;;;;;;;;;;;;;;;;;0,4;9;;;;;;;;;;;;
44109012;20221209;0,0;1;;;-0,2;1;252;9;5,9;1;1358;9;1,8;1;2,85;1;;;;;215;9;6,1;1;2,9;1;;;;;;;;;;;;;;;;;;;;;;;;;;;;;;;;;;;;;;;;;;;;;;;;;;;;;;;;;;;;;;;;;;;;;;;;;;;;;;;;;;;;;;;;;;;;;;;0,5;9;;;;;;;;;;;;
44109012;20221210;0,2;1;;;-4,3;1;730;9;6,7;1;1412;9;0,9;1;1,20;1;;;;;594;9;11,0;1;1,2;1;;;;;;;;;;;;;;;;;;;;;;;;;;;;;;;;;;;;;;;;;;;;;;;;;;;;;;;;;;;;;;;;;;;;;;;;;;;;;;;;;;;;;;;;;;;;;;;0,3;9;;;;;;;;;;;;
44109012;20221211;1,8;1;;;0,5;1;653;9;3,9;1;1332;9;1,5;1;2,20;1;;;;;182;9;3,4;1;2,2;1;;;;;;;;;;;;;;;;;;;;;;;;;;;;;;;;;;;;;;;;;;;;;;;;;;;;;;;;;;;;;;;;;;;;;;;;;;;;;;;;;;;;;;;;;;;;;;;0,4;9;;;;;;;;;;;;
44109012;20221212;0,0;1;;;-3,2;1;423;9;2,4;1;1527;9;-0,4;1;-0,40;1;;;;;816;9;5,6;1;-0,4;1;;;;;;;;;;;;;;;;;;;;;;;;;;;;;;;;;;;;;;;;;;;;;;;;;;;;;;;;;;;;;;;;;;;;;;;;;;;;;;;;;;;;;;;;;;;;;;;0,4;9;;;;;;;;;;;;
44109012;20221213;6,4;1;;;-2,9;1;631;9;3,3;1;1339;9;0,1;1;0,20;1;;;;;621;9;6,2;1;0,2;1;;;;;;;;;;;;;;;;;;;;;;;;;;;;;;;;;;;;;;;;;;;;;;;;;;;;;;;;;;;;;;;;;;;;;;;;;;;;;;;;;;;;;;;;;;;;;;;0,4;9;;;;;;;;;;;;
44109012;20221214;7,4;1;;;0,8;1;1801;9;3,4;1;1320;9;2,3;1;2,10;1;;;;;0;9;2,6;1;2,1;1;;;;;;;;;;;;;;;;;;;;;;;;;;;;;;;;;;;;;;;;;;;;;;;;;;;;;;;;;;;;;;;;;;;;;;;;;;;;;;;;;;;;;;;;;;;;;;;0,3;9;;;;;;;;;;;;
44109012;20221215;0,2;1;;;1,3;1;853;9;5,2;1;1437;9;2,8;1;3,25;1;;;;;0;9;3,9;1;3,3;1;;;;;;;;;;;;;;;;;;;;;;;;;;;;;;;;;;;;;;;;;;;;;;;;;;;;;;;;;;;;;;;;;;;;;;;;;;;;;;;;;;;;;;;;;;;;;;;1,1;9;;;;;;;;;;;;
44109012;20221216;0,0;1;;;-0,8;1;756;9;6,3;1;1307;9;2,2;1;2,75;1;;;;;141;9;7,1;1;2,8;1;;;;;;;;;;;;;;;;;;;;;;;;;;;;;;;;;;;;;;;;;;;;;;;;;;;;;;;;;;;;;;;;;;;;;;;;;;;;;;;;;;;;;;;;;;;;;;;0,6;9;;;;;;;;;;;;
44109012;20221217;0,0;1;;;-2,9;1;547;9;2,1;1;1433;9;-1,2;1;-0,40;1;;;;;1093;9;5,0;1;-0,4;1;;;;;;;;;;;;;;;;;;;;;;;;;;;;;;;;;;;;;;;;;;;;;;;;;;;;;;;;;;;;;;;;;;;;;;;;;;;;;;;;;;;;;;;;;;;;;;;0,4;9;;;;;;;;;;;;
44109012;20221218;0,2;1;;;-3,5;1;36;9;10,8;1;229;9;4,5;1;3,65;1;;;;;409;9;14,3;1;3,7;1;;;;;;;;;;;;;;;;;;;;;;;;;;;;;;;;;;;;;;;;;;;;;;;;;;;;;;;;;;;;;;;;;;;;;;;;;;;;;;;;;;;;;;;;;;;;;;;0,7;9;;;;;;;;;;;;
44109012;20221219;9,8;1;;;9,4;1;1801;9;13,7;1;1427;9;11,6;1;11,55;1;;;;;0;9;4,3;1;11,6;1;;;;;;;;;;;;;;;;;;;;;;;;;;;;;;;;;;;;;;;;;;;;;;;;;;;;;;;;;;;;;;;;;;;;;;;;;;;;;;;;;;;;;;;;;;;;;;;0,9;9;;;;;;;;;;;;
44109012;20221220;7,0;1;;;10,9;1;727;9;13,5;1;1539;9;11,7;1;12,20;1;;;;;0;9;2,6;1;12,2;1;;;;;;;;;;;;;;;;;;;;;;;;;;;;;;;;;;;;;;;;;;;;;;;;;;;;;;;;;;;;;;;;;;;;;;;;;;;;;;;;;;;;;;;;;;;;;;;0,7;9;;;;;;;;;;;;
44109012;20221221;9,4;1;;;7,7;1;318;9;14,1;1;1704;9;11,9;1;10,90;1;;;;;0;9;6,4;1;10,9;1;;;;;;;;;;;;;;;;;;;;;;;;;;;;;;;;;;;;;;;;;;;;;;;;;;;;;;;;;;;;;;;;;;;;;;;;;;;;;;;;;;;;;;;;;;;;;;;0,7;9;;;;;;;;;;;;
44109012;20221222;33,4;1;;;13,0;1;27;9;14,6;1;1421;9;13,9;1;13,80;1;;;;;0;9;1,6;1;13,8;1;;;;;;;;;;;;;;;;;;;;;;;;;;;;;;;;;;;;;;;;;;;;;;;;;;;;;;;;;;;;;;;;;;;;;;;;;;;;;;;;;;;;;;;;;;;;;;;0,8;9;;;;;;;;;;;;
44109012;20221223;9,2;1;;;13,4;1;926;9;14,6;1;603;9;13,9;1;14,00;1;;;;;0;9;1,2;1;14,0;1;;;;;;;;;;;;;;;;;;;;;;;;;;;;;;;;;;;;;;;;;;;;;;;;;;;;;;;;;;;;;;;;;;;;;;;;;;;;;;;;;;;;;;;;;;;;;;;0,8;9;;;;;;;;;;;;
44109012;20221224;1,8;1;;;11,5;1;747;9;13,3;1;1142;9;12,0;1;12,40;1;;;;;0;9;1,8;1;12,4;1;;;;;;;;;;;;;;;;;;;;;;;;;;;;;;;;;;;;;;;;;;;;;;;;;;;;;;;;;;;;;;;;;;;;;;;;;;;;;;;;;;;;;;;;;;;;;;;0,5;9;;;;;;;;;;;;
44109012;20221225;0,2;1;;;10,5;1;2034;9;16,1;1;1259;9;12,5;1;13,30;1;;;;;0;9;5,6;1;13,3;1;;;;;;;;;;;;;;;;;;;;;;;;;;;;;;;;;;;;;;;;;;;;;;;;;;;;;;;;;;;;;;;;;;;;;;;;;;;;;;;;;;;;;;;;;;;;;;;0,5;9;;;;;;;;;;;;
44109012;20221226;1,2;1;;;8,9;1;1759;9;13,0;1;1222;9;9,8;1;10,95;1;;;;;0;9;4,1;1;11,0;1;;;;;;;;;;;;;;;;;;;;;;;;;;;;;;;;;;;;;;;;;;;;;;;;;;;;;;;;;;;;;;;;;;;;;;;;;;;;;;;;;;;;;;;;;;;;;;;0,5;9;;;;;;;;;;;;
44109012;20221227;3,6;1;;;3,3;1;56;9;12,0;1;1421;9;7,7;1;7,65;1;;;;;0;9;8,7;1;7,7;1;;;;;;;;;;;;;;;;;;;;;;;;;;;;;;;;;;;;;;;;;;;;;;;;;;;;;;;;;;;;;;;;;;;;;;;;;;;;;;;;;;;;;;;;;;;;;;;0,3;9;;;;;;;;;;;;
44109012;20221228;9,8;1;;;8,1;1;2312;9;13,5;1;1016;9;11,2;1;10,80;1;;;;;0;9;5,4;1;10,8;1;;;;;;;;;;;;;;;;;;;;;;;;;;;;;;;;;;;;;;;;;;;;;;;;;;;;;;;;;;;;;;;;;;;;;;;;;;;;;;;;;;;;;;;;;;;;;;;0,9;9;;;;;;;;;;;;
44109012;20221229;2,8;1;;;8,3;1;1800;9;13,3;1;1237;9;10,3;1;10,80;1;;;;;0;9;5,0;1;10,8;1;;;;;;;;;;;;;;;;;;;;;;;;;;;;;;;;;;;;;;;;;;;;;;;;;;;;;;;;;;;;;;;;;;;;;;;;;;;;;;;;;;;;;;;;;;;;;;;0,7;9;;;;;;;;;;;;
44109012;20221230;6,0;1;;;6,7;1;2222;9;17,6;1;37;9;13,5;1;12,15;1;;;;;0;9;10,9;1;12,2;1;;;;;;;;;;;;;;;;;;;;;;;;;;;;;;;;;;;;;;;;;;;;;;;;;;;;;;;;;;;;;;;;;;;;;;;;;;;;;;;;;;;;;;;;;;;;;;;1,1;9;;;;;;;;;;;;
44109012;20221231;5,0;1;;;14,0;1;831;9;17,2;1;2006;9;15,9;1;15,60;1;;;;;0;9;3,2;1;15,6;1;;;;;;;;;;;;;;;;;;;;;;;;;;;;;;;;;;;;;;;;;;;;;;;;;;;;;;;;;;;;;;;;;;;;;;;;;;;;;;;;;;;;;;;;;;;;;;;1,8;9;;;;;;;;;;;;
